[     297ms] [LOG] %c欢迎使用CesiumTdt插件，%c该插件由Jason提供，%c目前支持1.120版本 color: green; font-size: 16px; font-weight: bold; color: blue; font-size: 14px; font-style: italic; color: red; font-size: 14px; font-weight: bold; @ http://localhost:8080/lib/cesiumTdt.js:0
[   34939ms] [LOG] An error occurred in "": Failed to obtain terrain tile X: 52 Y: 12 Level: 5. Error message: "undefined" @ https://cesium.com/downloads/cesiumjs/releases/1.120/Build/Cesium/Cesium.js:85
[   35958ms] [LOG] An error occurred in "": Failed to obtain terrain tile X: 418 Y: 98 Level: 8. Error message: "undefined" @ https://cesium.com/downloads/cesiumjs/releases/1.120/Build/Cesium/Cesium.js:85
[   35958ms] [LOG] An error occurred in "": Failed to obtain terrain tile X: 419 Y: 96 Level: 8. Error message: "undefined" @ https://cesium.com/downloads/cesiumjs/releases/1.120/Build/Cesium/Cesium.js:85
[   36010ms] [LOG] An error occurred in "": Failed to obtain terrain tile X: 833 Y: 195 Level: 9. Error message: "undefined" @ https://cesium.com/downloads/cesiumjs/releases/1.120/Build/Cesium/Cesium.js:85
[   36019ms] [LOG] An error occurred in "": Failed to obtain terrain tile X: 415 Y: 98 Level: 8. Error message: "undefined" @ https://cesium.com/downloads/cesiumjs/releases/1.120/Build/Cesium/Cesium.js:85
[   36019ms] [LOG] An error occurred in "": Failed to obtain terrain tile X: 414 Y: 98 Level: 8. Error message: "undefined" @ https://cesium.com/downloads/cesiumjs/releases/1.120/Build/Cesium/Cesium.js:85
[   36019ms] [LOG] An error occurred in "": Failed to obtain terrain tile X: 416 Y: 98 Level: 8. Error message: "undefined" @ https://cesium.com/downloads/cesiumjs/releases/1.120/Build/Cesium/Cesium.js:85
[   36065ms] [LOG] An error occurred in "": Failed to obtain terrain tile X: 209 Y: 49 Level: 7. Error message: "undefined" @ https://cesium.com/downloads/cesiumjs/releases/1.120/Build/Cesium/Cesium.js:85
[   36112ms] [LOG] An error occurred in "": Failed to obtain terrain tile X: 419 Y: 97 Level: 8. Error message: "undefined" @ https://cesium.com/downloads/cesiumjs/releases/1.120/Build/Cesium/Cesium.js:85
[   36113ms] [LOG] An error occurred in "": Failed to obtain terrain tile X: 411 Y: 98 Level: 8. Error message: "undefined" @ https://cesium.com/downloads/cesiumjs/releases/1.120/Build/Cesium/Cesium.js:85
[   36113ms] [LOG] An error occurred in "": Failed to obtain terrain tile X: 419 Y: 98 Level: 8. Error message: "undefined" @ https://cesium.com/downloads/cesiumjs/releases/1.120/Build/Cesium/Cesium.js:85
[   36113ms] [LOG] An error occurred in "": Failed to obtain terrain tile X: 207 Y: 49 Level: 7. Error message: "undefined" @ https://cesium.com/downloads/cesiumjs/releases/1.120/Build/Cesium/Cesium.js:85
[   36133ms] [LOG] An error occurred in "": Failed to obtain terrain tile X: 208 Y: 49 Level: 7. Error message: "undefined" @ https://cesium.com/downloads/cesiumjs/releases/1.120/Build/Cesium/Cesium.js:85
[   36206ms] [LOG] An error occurred in "": Failed to obtain terrain tile X: 831 Y: 195 Level: 9. Error message: "undefined" @ https://cesium.com/downloads/cesiumjs/releases/1.120/Build/Cesium/Cesium.js:85
[   36216ms] [LOG] An error occurred in "": Failed to obtain terrain tile X: 830 Y: 195 Level: 9. Error message: "undefined" @ https://cesium.com/downloads/cesiumjs/releases/1.120/Build/Cesium/Cesium.js:85
[   36237ms] [LOG] An error occurred in "": Failed to obtain terrain tile X: 829 Y: 195 Level: 9. Error message: "undefined" @ https://cesium.com/downloads/cesiumjs/releases/1.120/Build/Cesium/Cesium.js:85
[   36326ms] [LOG] An error occurred in "": Failed to obtain terrain tile X: 417 Y: 97 Level: 8. Error message: "undefined" @ https://cesium.com/downloads/cesiumjs/releases/1.120/Build/Cesium/Cesium.js:85
[   36619ms] [LOG] An error occurred in "": Failed to obtain terrain tile X: 834 Y: 194 Level: 9. Error message: "undefined" @ https://cesium.com/downloads/cesiumjs/releases/1.120/Build/Cesium/Cesium.js:85
[   36683ms] [LOG] An error occurred in "": Failed to obtain terrain tile X: 832 Y: 195 Level: 9. Error message: "undefined" @ https://cesium.com/downloads/cesiumjs/releases/1.120/Build/Cesium/Cesium.js:85
[   36689ms] [LOG] An error occurred in "": Failed to obtain terrain tile X: 417 Y: 98 Level: 8. Error message: "undefined" @ https://cesium.com/downloads/cesiumjs/releases/1.120/Build/Cesium/Cesium.js:85
[   36710ms] [LOG] An error occurred in "": Failed to obtain terrain tile X: 828 Y: 195 Level: 9. Error message: "undefined" @ https://cesium.com/downloads/cesiumjs/releases/1.120/Build/Cesium/Cesium.js:85
[   36724ms] [LOG] An error occurred in "": Failed to obtain terrain tile X: 418 Y: 97 Level: 8. Error message: "undefined" @ https://cesium.com/downloads/cesiumjs/releases/1.120/Build/Cesium/Cesium.js:85
[   36947ms] [LOG] An error occurred in "": Failed to obtain terrain tile X: 833 Y: 194 Level: 9. Error message: "undefined" @ https://cesium.com/downloads/cesiumjs/releases/1.120/Build/Cesium/Cesium.js:85
[   95846ms] [ERROR] Access to fetch at 'https://t0.tianditu.gov.cn/mapservice/swdx?T=elv_c&tk=undefined&x=3323&y=771&l=12' from origin 'http://localhost:8080' has been blocked by CORS policy: No 'Access-Control-Allow-Origin' header is present on the requested resource. @ http://localhost:8080/?v=15:0
[   95847ms] [ERROR] Failed to load resource: net::ERR_FAILED @ https://t0.tianditu.gov.cn/mapservice/swdx?T=elv_c&tk=undefined&x=3323&y=771&l=12:0
[  166408ms] [ERROR] Failed to load resource: the server responded with a status of 404 (Not Found) @ http://api.tianditu.gov.cn/elevation?postStr=%7B%22lon%22%3A111.270049%2C%22lat%22%3A22.272179%2C%22type%22%3A1%7D&tk=3434e0337ed4d651277ec7e690a61b4c:0
[  889880ms] [LOG] An error occurred in "": Failed to obtain terrain tile X: 830 Y: 195 Level: 9. Error message: "undefined" @ https://cesium.com/downloads/cesiumjs/releases/1.120/Build/Cesium/Cesium.js:85
[  889880ms] [LOG] An error occurred in "": Failed to obtain terrain tile X: 831 Y: 195 Level: 9. Error message: "undefined" @ https://cesium.com/downloads/cesiumjs/releases/1.120/Build/Cesium/Cesium.js:85
[  889922ms] [LOG] An error occurred in "": Failed to obtain terrain tile X: 829 Y: 195 Level: 9. Error message: "undefined" @ https://cesium.com/downloads/cesiumjs/releases/1.120/Build/Cesium/Cesium.js:85
[  889924ms] [LOG] An error occurred in "": Failed to obtain terrain tile X: 833 Y: 194 Level: 9. Error message: "undefined" @ https://cesium.com/downloads/cesiumjs/releases/1.120/Build/Cesium/Cesium.js:85
[  889924ms] [LOG] An error occurred in "": Failed to obtain terrain tile X: 832 Y: 195 Level: 9. Error message: "undefined" @ https://cesium.com/downloads/cesiumjs/releases/1.120/Build/Cesium/Cesium.js:85
[  889952ms] [LOG] An error occurred in "": Failed to obtain terrain tile X: 828 Y: 195 Level: 9. Error message: "undefined" @ https://cesium.com/downloads/cesiumjs/releases/1.120/Build/Cesium/Cesium.js:85
[  890005ms] [LOG] An error occurred in "": Failed to obtain terrain tile X: 834 Y: 194 Level: 9. Error message: "undefined" @ https://cesium.com/downloads/cesiumjs/releases/1.120/Build/Cesium/Cesium.js:85
[  890486ms] [LOG] An error occurred in "": Failed to obtain terrain tile X: 833 Y: 195 Level: 9. Error message: "undefined" @ https://cesium.com/downloads/cesiumjs/releases/1.120/Build/Cesium/Cesium.js:85
[  890513ms] [LOG] An error occurred in "": Failed to obtain terrain tile X: 834 Y: 195 Level: 9. Error message: "undefined" @ https://cesium.com/downloads/cesiumjs/releases/1.120/Build/Cesium/Cesium.js:85
[  890575ms] [LOG] An error occurred in "": Failed to obtain terrain tile X: 835 Y: 194 Level: 9. Error message: "undefined" @ https://cesium.com/downloads/cesiumjs/releases/1.120/Build/Cesium/Cesium.js:85
[  890575ms] [LOG] An error occurred in "": Failed to obtain terrain tile X: 835 Y: 195 Level: 9. Error message: "undefined" @ https://cesium.com/downloads/cesiumjs/releases/1.120/Build/Cesium/Cesium.js:85
[  892483ms] [LOG] An error occurred in "": Failed to obtain terrain tile X: 833 Y: 194 Level: 9. Error message: "undefined" @ https://cesium.com/downloads/cesiumjs/releases/1.120/Build/Cesium/Cesium.js:85
[  892636ms] [LOG] An error occurred in "": Failed to obtain terrain tile X: 834 Y: 194 Level: 9. Error message: "undefined" @ https://cesium.com/downloads/cesiumjs/releases/1.120/Build/Cesium/Cesium.js:85
[  892637ms] [LOG] An error occurred in "": Failed to obtain terrain tile X: 835 Y: 194 Level: 9. Error message: "undefined" @ https://cesium.com/downloads/cesiumjs/releases/1.120/Build/Cesium/Cesium.js:85
[  892700ms] [LOG] An error occurred in "": Failed to obtain terrain tile X: 418 Y: 97 Level: 8. Error message: "undefined" @ https://cesium.com/downloads/cesiumjs/releases/1.120/Build/Cesium/Cesium.js:85
[  892772ms] [LOG] An error occurred in "": Failed to obtain terrain tile X: 833 Y: 195 Level: 9. Error message: "undefined" @ https://cesium.com/downloads/cesiumjs/releases/1.120/Build/Cesium/Cesium.js:85
[  892805ms] [LOG] An error occurred in "": Failed to obtain terrain tile X: 832 Y: 195 Level: 9. Error message: "undefined" @ https://cesium.com/downloads/cesiumjs/releases/1.120/Build/Cesium/Cesium.js:85
[  892815ms] [LOG] An error occurred in "": Failed to obtain terrain tile X: 835 Y: 195 Level: 9. Error message: "undefined" @ https://cesium.com/downloads/cesiumjs/releases/1.120/Build/Cesium/Cesium.js:85
[  892871ms] [LOG] An error occurred in "": Failed to obtain terrain tile X: 834 Y: 195 Level: 9. Error message: "undefined" @ https://cesium.com/downloads/cesiumjs/releases/1.120/Build/Cesium/Cesium.js:85
[  899862ms] [LOG] An error occurred in "": Failed to obtain terrain tile X: 836 Y: 194 Level: 9. Error message: "undefined" @ https://cesium.com/downloads/cesiumjs/releases/1.120/Build/Cesium/Cesium.js:85
[  899899ms] [LOG] An error occurred in "": Failed to obtain terrain tile X: 836 Y: 195 Level: 9. Error message: "undefined" @ https://cesium.com/downloads/cesiumjs/releases/1.120/Build/Cesium/Cesium.js:85
[  903772ms] [LOG] An error occurred in "": Failed to obtain terrain tile X: 836 Y: 194 Level: 9. Error message: "undefined" @ https://cesium.com/downloads/cesiumjs/releases/1.120/Build/Cesium/Cesium.js:85
[  904042ms] [LOG] An error occurred in "": Failed to obtain terrain tile X: 836 Y: 195 Level: 9. Error message: "undefined" @ https://cesium.com/downloads/cesiumjs/releases/1.120/Build/Cesium/Cesium.js:85
[  906265ms] [LOG] An error occurred in "": Failed to obtain terrain tile X: 1666 Y: 388 Level: 10. Error message: "undefined" @ https://cesium.com/downloads/cesiumjs/releases/1.120/Build/Cesium/Cesium.js:85
[  906569ms] [LOG] An error occurred in "": Failed to obtain terrain tile X: 1667 Y: 388 Level: 10. Error message: "undefined" @ https://cesium.com/downloads/cesiumjs/releases/1.120/Build/Cesium/Cesium.js:85
[ 1465514ms] Compressed input was truncated.
[ 1465591ms] Compressed input was truncated.
[ 1582947ms] Compressed input was truncated.
[ 1582947ms] Compressed input was truncated.
[ 1582950ms] Compressed input was truncated.
[ 1582951ms] Compressed input was truncated.
[ 1583012ms] Compressed input was truncated.
[ 1682749ms] [LOG] An error occurred in "": Failed to obtain terrain tile X: 64 Y: 31 Level: 6. Error message: "undefined" @ https://cesium.com/downloads/cesiumjs/releases/1.120/Build/Cesium/Cesium.js:85
[ 1682786ms] [LOG] An error occurred in "": Failed to obtain terrain tile X: 129 Y: 63 Level: 7. Error message: "undefined" @ https://cesium.com/downloads/cesiumjs/releases/1.120/Build/Cesium/Cesium.js:85
[ 1682788ms] [LOG] An error occurred in "": Failed to obtain terrain tile X: 32 Y: 15 Level: 5. Error message: "undefined" @ https://cesium.com/downloads/cesiumjs/releases/1.120/Build/Cesium/Cesium.js:85
[ 1683200ms] [LOG] An error occurred in "": Failed to obtain terrain tile X: 2069 Y: 1019 Level: 11. Error message: "undefined" @ https://cesium.com/downloads/cesiumjs/releases/1.120/Build/Cesium/Cesium.js:85
[ 1683228ms] [LOG] An error occurred in "": Failed to obtain terrain tile X: 2070 Y: 1019 Level: 11. Error message: "undefined" @ https://cesium.com/downloads/cesiumjs/releases/1.120/Build/Cesium/Cesium.js:85
[ 1683278ms] [LOG] An error occurred in "": Failed to obtain terrain tile X: 2070 Y: 1020 Level: 11. Error message: "undefined" @ https://cesium.com/downloads/cesiumjs/releases/1.120/Build/Cesium/Cesium.js:85
[ 1683302ms] [LOG] An error occurred in "": Failed to obtain terrain tile X: 1033 Y: 509 Level: 10. Error message: "undefined" @ https://cesium.com/downloads/cesiumjs/releases/1.120/Build/Cesium/Cesium.js:85
[ 1683303ms] [LOG] An error occurred in "": Failed to obtain terrain tile X: 1035 Y: 509 Level: 10. Error message: "undefined" @ https://cesium.com/downloads/cesiumjs/releases/1.120/Build/Cesium/Cesium.js:85
[ 1683304ms] [LOG] An error occurred in "": Failed to obtain terrain tile X: 2073 Y: 1018 Level: 11. Error message: "undefined" @ https://cesium.com/downloads/cesiumjs/releases/1.120/Build/Cesium/Cesium.js:85
[ 1683305ms] [LOG] An error occurred in "": Failed to obtain terrain tile X: 1033 Y: 510 Level: 10. Error message: "undefined" @ https://cesium.com/downloads/cesiumjs/releases/1.120/Build/Cesium/Cesium.js:85
[ 1683334ms] [LOG] An error occurred in "": Failed to obtain terrain tile X: 518 Y: 255 Level: 9. Error message: "undefined" @ https://cesium.com/downloads/cesiumjs/releases/1.120/Build/Cesium/Cesium.js:85
[ 1683335ms] [LOG] An error occurred in "": Failed to obtain terrain tile X: 518 Y: 254 Level: 9. Error message: "undefined" @ https://cesium.com/downloads/cesiumjs/releases/1.120/Build/Cesium/Cesium.js:85
[ 1683336ms] [LOG] An error occurred in "": Failed to obtain terrain tile X: 2070 Y: 1018 Level: 11. Error message: "undefined" @ https://cesium.com/downloads/cesiumjs/releases/1.120/Build/Cesium/Cesium.js:85
[ 1683377ms] [LOG] An error occurred in "": Failed to obtain terrain tile X: 2071 Y: 1019 Level: 11. Error message: "undefined" @ https://cesium.com/downloads/cesiumjs/releases/1.120/Build/Cesium/Cesium.js:85
[ 1683378ms] [LOG] An error occurred in "": Failed to obtain terrain tile X: 2069 Y: 1020 Level: 11. Error message: "undefined" @ https://cesium.com/downloads/cesiumjs/releases/1.120/Build/Cesium/Cesium.js:85
[ 1683379ms] [LOG] An error occurred in "": Failed to obtain terrain tile X: 2071 Y: 1020 Level: 11. Error message: "undefined" @ https://cesium.com/downloads/cesiumjs/releases/1.120/Build/Cesium/Cesium.js:85
[ 1683380ms] [LOG] An error occurred in "": Failed to obtain terrain tile X: 2069 Y: 1018 Level: 11. Error message: "undefined" @ https://cesium.com/downloads/cesiumjs/releases/1.120/Build/Cesium/Cesium.js:85
[ 1683382ms] [LOG] An error occurred in "": Failed to obtain terrain tile X: 516 Y: 254 Level: 9. Error message: "undefined" @ https://cesium.com/downloads/cesiumjs/releases/1.120/Build/Cesium/Cesium.js:85
[ 1683398ms] [LOG] An error occurred in "": Failed to obtain terrain tile X: 2072 Y: 1019 Level: 11. Error message: "undefined" @ https://cesium.com/downloads/cesiumjs/releases/1.120/Build/Cesium/Cesium.js:85
[ 1683405ms] [LOG] An error occurred in "": Failed to obtain terrain tile X: 1035 Y: 510 Level: 10. Error message: "undefined" @ https://cesium.com/downloads/cesiumjs/releases/1.120/Build/Cesium/Cesium.js:85
[ 1683406ms] [LOG] An error occurred in "": Failed to obtain terrain tile X: 2072 Y: 1020 Level: 11. Error message: "undefined" @ https://cesium.com/downloads/cesiumjs/releases/1.120/Build/Cesium/Cesium.js:85
[ 1683407ms] [LOG] An error occurred in "": Failed to obtain terrain tile X: 517 Y: 254 Level: 9. Error message: "undefined" @ https://cesium.com/downloads/cesiumjs/releases/1.120/Build/Cesium/Cesium.js:85
[ 1683407ms] [LOG] An error occurred in "": Failed to obtain terrain tile X: 516 Y: 255 Level: 9. Error message: "undefined" @ https://cesium.com/downloads/cesiumjs/releases/1.120/Build/Cesium/Cesium.js:85
[ 1683411ms] [LOG] An error occurred in "": Failed to obtain terrain tile X: 2067 Y: 1019 Level: 11. Error message: "undefined" @ https://cesium.com/downloads/cesiumjs/releases/1.120/Build/Cesium/Cesium.js:85
[ 1683412ms] [LOG] An error occurred in "": Failed to obtain terrain tile X: 2067 Y: 1018 Level: 11. Error message: "undefined" @ https://cesium.com/downloads/cesiumjs/releases/1.120/Build/Cesium/Cesium.js:85
[ 1683413ms] [LOG] An error occurred in "": Failed to obtain terrain tile X: 2072 Y: 1018 Level: 11. Error message: "undefined" @ https://cesium.com/downloads/cesiumjs/releases/1.120/Build/Cesium/Cesium.js:85
[ 1683413ms] [LOG] An error occurred in "": Failed to obtain terrain tile X: 2071 Y: 1018 Level: 11. Error message: "undefined" @ https://cesium.com/downloads/cesiumjs/releases/1.120/Build/Cesium/Cesium.js:85
[ 1683414ms] [LOG] An error occurred in "": Failed to obtain terrain tile X: 259 Y: 127 Level: 8. Error message: "undefined" @ https://cesium.com/downloads/cesiumjs/releases/1.120/Build/Cesium/Cesium.js:85
[ 1683415ms] [LOG] An error occurred in "": Failed to obtain terrain tile X: 2067 Y: 1020 Level: 11. Error message: "undefined" @ https://cesium.com/downloads/cesiumjs/releases/1.120/Build/Cesium/Cesium.js:85
[ 1683441ms] [LOG] An error occurred in "": Failed to obtain terrain tile X: 258 Y: 127 Level: 8. Error message: "undefined" @ https://cesium.com/downloads/cesiumjs/releases/1.120/Build/Cesium/Cesium.js:85
[ 1683442ms] [LOG] An error occurred in "": Failed to obtain terrain tile X: 2068 Y: 1019 Level: 11. Error message: "undefined" @ https://cesium.com/downloads/cesiumjs/releases/1.120/Build/Cesium/Cesium.js:85
[ 1683442ms] [LOG] An error occurred in "": Failed to obtain terrain tile X: 2068 Y: 1020 Level: 11. Error message: "undefined" @ https://cesium.com/downloads/cesiumjs/releases/1.120/Build/Cesium/Cesium.js:85
[ 1683447ms] [LOG] An error occurred in "": Failed to obtain terrain tile X: 517 Y: 255 Level: 9. Error message: "undefined" @ https://cesium.com/downloads/cesiumjs/releases/1.120/Build/Cesium/Cesium.js:85
[ 1683448ms] [LOG] An error occurred in "": Failed to obtain terrain tile X: 2068 Y: 1018 Level: 11. Error message: "undefined" @ https://cesium.com/downloads/cesiumjs/releases/1.120/Build/Cesium/Cesium.js:85
[ 1683449ms] [LOG] An error occurred in "": Failed to obtain terrain tile X: 1034 Y: 510 Level: 10. Error message: "undefined" @ https://cesium.com/downloads/cesiumjs/releases/1.120/Build/Cesium/Cesium.js:85
[ 1683454ms] [LOG] An error occurred in "": Failed to obtain terrain tile X: 1036 Y: 509 Level: 10. Error message: "undefined" @ https://cesium.com/downloads/cesiumjs/releases/1.120/Build/Cesium/Cesium.js:85
[ 1683463ms] [LOG] An error occurred in "": Failed to obtain terrain tile X: 2073 Y: 1020 Level: 11. Error message: "undefined" @ https://cesium.com/downloads/cesiumjs/releases/1.120/Build/Cesium/Cesium.js:85
[ 1683464ms] [LOG] An error occurred in "": Failed to obtain terrain tile X: 2073 Y: 1019 Level: 11. Error message: "undefined" @ https://cesium.com/downloads/cesiumjs/releases/1.120/Build/Cesium/Cesium.js:85
[ 1683473ms] [LOG] An error occurred in "": Failed to obtain terrain tile X: 1036 Y: 510 Level: 10. Error message: "undefined" @ https://cesium.com/downloads/cesiumjs/releases/1.120/Build/Cesium/Cesium.js:85
[ 1683475ms] [LOG] An error occurred in "": Failed to obtain terrain tile X: 1034 Y: 509 Level: 10. Error message: "undefined" @ https://cesium.com/downloads/cesiumjs/releases/1.120/Build/Cesium/Cesium.js:85
[ 1697898ms] [LOG] An error occurred in "": Failed to obtain terrain tile X: 2070 Y: 1017 Level: 11. Error message: "undefined" @ https://cesium.com/downloads/cesiumjs/releases/1.120/Build/Cesium/Cesium.js:85
[ 1697899ms] [LOG] An error occurred in "": Failed to obtain terrain tile X: 2069 Y: 1017 Level: 11. Error message: "undefined" @ https://cesium.com/downloads/cesiumjs/releases/1.120/Build/Cesium/Cesium.js:85
[ 1697899ms] [LOG] An error occurred in "": Failed to obtain terrain tile X: 2069 Y: 1021 Level: 11. Error message: "undefined" @ https://cesium.com/downloads/cesiumjs/releases/1.120/Build/Cesium/Cesium.js:85
[ 1697899ms] [LOG] An error occurred in "": Failed to obtain terrain tile X: 2068 Y: 1021 Level: 11. Error message: "undefined" @ https://cesium.com/downloads/cesiumjs/releases/1.120/Build/Cesium/Cesium.js:85
[ 1697899ms] [LOG] An error occurred in "": Failed to obtain terrain tile X: 2073 Y: 1021 Level: 11. Error message: "undefined" @ https://cesium.com/downloads/cesiumjs/releases/1.120/Build/Cesium/Cesium.js:85
[ 1697899ms] [LOG] An error occurred in "": Failed to obtain terrain tile X: 2070 Y: 1021 Level: 11. Error message: "undefined" @ https://cesium.com/downloads/cesiumjs/releases/1.120/Build/Cesium/Cesium.js:85
[ 1697900ms] [LOG] An error occurred in "": Failed to obtain terrain tile X: 1035 Y: 508 Level: 10. Error message: "undefined" @ https://cesium.com/downloads/cesiumjs/releases/1.120/Build/Cesium/Cesium.js:85
[ 1697900ms] [LOG] An error occurred in "": Failed to obtain terrain tile X: 2067 Y: 1021 Level: 11. Error message: "undefined" @ https://cesium.com/downloads/cesiumjs/releases/1.120/Build/Cesium/Cesium.js:85
[ 1697900ms] [LOG] An error occurred in "": Failed to obtain terrain tile X: 2073 Y: 1017 Level: 11. Error message: "undefined" @ https://cesium.com/downloads/cesiumjs/releases/1.120/Build/Cesium/Cesium.js:85
[ 1697900ms] [LOG] An error occurred in "": Failed to obtain terrain tile X: 2071 Y: 1017 Level: 11. Error message: "undefined" @ https://cesium.com/downloads/cesiumjs/releases/1.120/Build/Cesium/Cesium.js:85
[ 1697900ms] [LOG] An error occurred in "": Failed to obtain terrain tile X: 2071 Y: 1021 Level: 11. Error message: "undefined" @ https://cesium.com/downloads/cesiumjs/releases/1.120/Build/Cesium/Cesium.js:85
[ 1697900ms] [LOG] An error occurred in "": Failed to obtain terrain tile X: 1034 Y: 508 Level: 10. Error message: "undefined" @ https://cesium.com/downloads/cesiumjs/releases/1.120/Build/Cesium/Cesium.js:85
[ 1697901ms] [LOG] An error occurred in "": Failed to obtain terrain tile X: 2072 Y: 1017 Level: 11. Error message: "undefined" @ https://cesium.com/downloads/cesiumjs/releases/1.120/Build/Cesium/Cesium.js:85
[ 1697902ms] [LOG] An error occurred in "": Failed to obtain terrain tile X: 2072 Y: 1021 Level: 11. Error message: "undefined" @ https://cesium.com/downloads/cesiumjs/releases/1.120/Build/Cesium/Cesium.js:85
[ 1697902ms] [LOG] An error occurred in "": Failed to obtain terrain tile X: 2067 Y: 1017 Level: 11. Error message: "undefined" @ https://cesium.com/downloads/cesiumjs/releases/1.120/Build/Cesium/Cesium.js:85
[ 1697943ms] [LOG] An error occurred in "": Failed to obtain terrain tile X: 2074 Y: 1017 Level: 11. Error message: "undefined" @ https://cesium.com/downloads/cesiumjs/releases/1.120/Build/Cesium/Cesium.js:85
[ 1697944ms] [LOG] An error occurred in "": Failed to obtain terrain tile X: 2074 Y: 1019 Level: 11. Error message: "undefined" @ https://cesium.com/downloads/cesiumjs/releases/1.120/Build/Cesium/Cesium.js:85
[ 1697945ms] [LOG] An error occurred in "": Failed to obtain terrain tile X: 2066 Y: 1018 Level: 11. Error message: "undefined" @ https://cesium.com/downloads/cesiumjs/releases/1.120/Build/Cesium/Cesium.js:85
[ 1697946ms] [LOG] An error occurred in "": Failed to obtain terrain tile X: 2066 Y: 1017 Level: 11. Error message: "undefined" @ https://cesium.com/downloads/cesiumjs/releases/1.120/Build/Cesium/Cesium.js:85
[ 1697948ms] [LOG] An error occurred in "": Failed to obtain terrain tile X: 2074 Y: 1018 Level: 11. Error message: "undefined" @ https://cesium.com/downloads/cesiumjs/releases/1.120/Build/Cesium/Cesium.js:85
[ 1697949ms] [LOG] An error occurred in "": Failed to obtain terrain tile X: 2074 Y: 1020 Level: 11. Error message: "undefined" @ https://cesium.com/downloads/cesiumjs/releases/1.120/Build/Cesium/Cesium.js:85
[ 1697950ms] [LOG] An error occurred in "": Failed to obtain terrain tile X: 2066 Y: 1020 Level: 11. Error message: "undefined" @ https://cesium.com/downloads/cesiumjs/releases/1.120/Build/Cesium/Cesium.js:85
[ 1697951ms] [LOG] An error occurred in "": Failed to obtain terrain tile X: 1037 Y: 510 Level: 10. Error message: "undefined" @ https://cesium.com/downloads/cesiumjs/releases/1.120/Build/Cesium/Cesium.js:85
[ 1697952ms] [LOG] An error occurred in "": Failed to obtain terrain tile X: 1037 Y: 508 Level: 10. Error message: "undefined" @ https://cesium.com/downloads/cesiumjs/releases/1.120/Build/Cesium/Cesium.js:85
[ 1697954ms] [LOG] An error occurred in "": Failed to obtain terrain tile X: 2074 Y: 1021 Level: 11. Error message: "undefined" @ https://cesium.com/downloads/cesiumjs/releases/1.120/Build/Cesium/Cesium.js:85
[ 1697955ms] [LOG] An error occurred in "": Failed to obtain terrain tile X: 2066 Y: 1019 Level: 11. Error message: "undefined" @ https://cesium.com/downloads/cesiumjs/releases/1.120/Build/Cesium/Cesium.js:85
[ 1697955ms] [LOG] An error occurred in "": Failed to obtain terrain tile X: 2066 Y: 1021 Level: 11. Error message: "undefined" @ https://cesium.com/downloads/cesiumjs/releases/1.120/Build/Cesium/Cesium.js:85
[ 1697978ms] [LOG] An error occurred in "": Failed to obtain terrain tile X: 1033 Y: 508 Level: 10. Error message: "undefined" @ https://cesium.com/downloads/cesiumjs/releases/1.120/Build/Cesium/Cesium.js:85
[ 1697979ms] [LOG] An error occurred in "": Failed to obtain terrain tile X: 1037 Y: 509 Level: 10. Error message: "undefined" @ https://cesium.com/downloads/cesiumjs/releases/1.120/Build/Cesium/Cesium.js:85
[ 1697981ms] [LOG] An error occurred in "": Failed to obtain terrain tile X: 1036 Y: 508 Level: 10. Error message: "undefined" @ https://cesium.com/downloads/cesiumjs/releases/1.120/Build/Cesium/Cesium.js:85
[ 1698148ms] [LOG] An error occurred in "": Failed to obtain terrain tile X: 2068 Y: 1017 Level: 11. Error message: "undefined" @ https://cesium.com/downloads/cesiumjs/releases/1.120/Build/Cesium/Cesium.js:85
[ 1698149ms] [LOG] An error occurred in "": Failed to obtain terrain tile X: 2075 Y: 1020 Level: 11. Error message: "undefined" @ https://cesium.com/downloads/cesiumjs/releases/1.120/Build/Cesium/Cesium.js:85
[ 1698149ms] [LOG] An error occurred in "": Failed to obtain terrain tile X: 2075 Y: 1017 Level: 11. Error message: "undefined" @ https://cesium.com/downloads/cesiumjs/releases/1.120/Build/Cesium/Cesium.js:85
[ 1698151ms] [LOG] An error occurred in "": Failed to obtain terrain tile X: 2075 Y: 1021 Level: 11. Error message: "undefined" @ https://cesium.com/downloads/cesiumjs/releases/1.120/Build/Cesium/Cesium.js:85
[ 1698154ms] [LOG] An error occurred in "": Failed to obtain terrain tile X: 2075 Y: 1018 Level: 11. Error message: "undefined" @ https://cesium.com/downloads/cesiumjs/releases/1.120/Build/Cesium/Cesium.js:85
[ 1698157ms] [LOG] An error occurred in "": Failed to obtain terrain tile X: 2075 Y: 1019 Level: 11. Error message: "undefined" @ https://cesium.com/downloads/cesiumjs/releases/1.120/Build/Cesium/Cesium.js:85
[ 1698206ms] [LOG] An error occurred in "": Failed to obtain terrain tile X: 2069 Y: 1016 Level: 11. Error message: "undefined" @ https://cesium.com/downloads/cesiumjs/releases/1.120/Build/Cesium/Cesium.js:85
[ 1698207ms] [LOG] An error occurred in "": Failed to obtain terrain tile X: 2072 Y: 1016 Level: 11. Error message: "undefined" @ https://cesium.com/downloads/cesiumjs/releases/1.120/Build/Cesium/Cesium.js:85
[ 1698209ms] [LOG] An error occurred in "": Failed to obtain terrain tile X: 2073 Y: 1016 Level: 11. Error message: "undefined" @ https://cesium.com/downloads/cesiumjs/releases/1.120/Build/Cesium/Cesium.js:85
[ 1698211ms] [LOG] An error occurred in "": Failed to obtain terrain tile X: 2068 Y: 1016 Level: 11. Error message: "undefined" @ https://cesium.com/downloads/cesiumjs/releases/1.120/Build/Cesium/Cesium.js:85
[ 1698213ms] [LOG] An error occurred in "": Failed to obtain terrain tile X: 2074 Y: 1016 Level: 11. Error message: "undefined" @ https://cesium.com/downloads/cesiumjs/releases/1.120/Build/Cesium/Cesium.js:85
[ 1698214ms] [LOG] An error occurred in "": Failed to obtain terrain tile X: 2067 Y: 1016 Level: 11. Error message: "undefined" @ https://cesium.com/downloads/cesiumjs/releases/1.120/Build/Cesium/Cesium.js:85
[ 1698215ms] [LOG] An error occurred in "": Failed to obtain terrain tile X: 2070 Y: 1016 Level: 11. Error message: "undefined" @ https://cesium.com/downloads/cesiumjs/releases/1.120/Build/Cesium/Cesium.js:85
[ 1698216ms] [LOG] An error occurred in "": Failed to obtain terrain tile X: 2071 Y: 1016 Level: 11. Error message: "undefined" @ https://cesium.com/downloads/cesiumjs/releases/1.120/Build/Cesium/Cesium.js:85
[ 1698261ms] [LOG] An error occurred in "": Failed to obtain terrain tile X: 519 Y: 254 Level: 9. Error message: "undefined" @ https://cesium.com/downloads/cesiumjs/releases/1.120/Build/Cesium/Cesium.js:85
[ 1698262ms] [LOG] An error occurred in "": Failed to obtain terrain tile X: 1038 Y: 510 Level: 10. Error message: "undefined" @ https://cesium.com/downloads/cesiumjs/releases/1.120/Build/Cesium/Cesium.js:85
[ 1698263ms] [LOG] An error occurred in "": Failed to obtain terrain tile X: 519 Y: 255 Level: 9. Error message: "undefined" @ https://cesium.com/downloads/cesiumjs/releases/1.120/Build/Cesium/Cesium.js:85
[ 1698264ms] [LOG] An error occurred in "": Failed to obtain terrain tile X: 1038 Y: 508 Level: 10. Error message: "undefined" @ https://cesium.com/downloads/cesiumjs/releases/1.120/Build/Cesium/Cesium.js:85
[ 1698265ms] [LOG] An error occurred in "": Failed to obtain terrain tile X: 2066 Y: 1016 Level: 11. Error message: "undefined" @ https://cesium.com/downloads/cesiumjs/releases/1.120/Build/Cesium/Cesium.js:85
[ 1698266ms] [LOG] An error occurred in "": Failed to obtain terrain tile X: 2075 Y: 1016 Level: 11. Error message: "undefined" @ https://cesium.com/downloads/cesiumjs/releases/1.120/Build/Cesium/Cesium.js:85
[ 1698270ms] [LOG] An error occurred in "": Failed to obtain terrain tile X: 1038 Y: 509 Level: 10. Error message: "undefined" @ https://cesium.com/downloads/cesiumjs/releases/1.120/Build/Cesium/Cesium.js:85
[ 1698313ms] [LOG] An error occurred in "": Failed to obtain terrain tile X: 1032 Y: 509 Level: 10. Error message: "undefined" @ https://cesium.com/downloads/cesiumjs/releases/1.120/Build/Cesium/Cesium.js:85
[ 1698314ms] [LOG] An error occurred in "": Failed to obtain terrain tile X: 1032 Y: 510 Level: 10. Error message: "undefined" @ https://cesium.com/downloads/cesiumjs/releases/1.120/Build/Cesium/Cesium.js:85
[ 1698315ms] [LOG] An error occurred in "": Failed to obtain terrain tile X: 1032 Y: 508 Level: 10. Error message: "undefined" @ https://cesium.com/downloads/cesiumjs/releases/1.120/Build/Cesium/Cesium.js:85
[ 1698538ms] [LOG] An error occurred in "": Failed to obtain terrain tile X: 1035 Y: 507 Level: 10. Error message: "undefined" @ https://cesium.com/downloads/cesiumjs/releases/1.120/Build/Cesium/Cesium.js:85
[ 1698539ms] [LOG] An error occurred in "": Failed to obtain terrain tile X: 1034 Y: 507 Level: 10. Error message: "undefined" @ https://cesium.com/downloads/cesiumjs/releases/1.120/Build/Cesium/Cesium.js:85
[ 1698539ms] [LOG] An error occurred in "": Failed to obtain terrain tile X: 1036 Y: 507 Level: 10. Error message: "undefined" @ https://cesium.com/downloads/cesiumjs/releases/1.120/Build/Cesium/Cesium.js:85
[ 1698539ms] [LOG] An error occurred in "": Failed to obtain terrain tile X: 1037 Y: 507 Level: 10. Error message: "undefined" @ https://cesium.com/downloads/cesiumjs/releases/1.120/Build/Cesium/Cesium.js:85
[ 1698540ms] [LOG] An error occurred in "": Failed to obtain terrain tile X: 1038 Y: 507 Level: 10. Error message: "undefined" @ https://cesium.com/downloads/cesiumjs/releases/1.120/Build/Cesium/Cesium.js:85
[ 1698541ms] [LOG] An error occurred in "": Failed to obtain terrain tile X: 1039 Y: 509 Level: 10. Error message: "undefined" @ https://cesium.com/downloads/cesiumjs/releases/1.120/Build/Cesium/Cesium.js:85
[ 1698541ms] [LOG] An error occurred in "": Failed to obtain terrain tile X: 1033 Y: 507 Level: 10. Error message: "undefined" @ https://cesium.com/downloads/cesiumjs/releases/1.120/Build/Cesium/Cesium.js:85
[ 1698574ms] [LOG] An error occurred in "": Failed to obtain terrain tile X: 518 Y: 253 Level: 9. Error message: "undefined" @ https://cesium.com/downloads/cesiumjs/releases/1.120/Build/Cesium/Cesium.js:85
[ 1698580ms] [LOG] An error occurred in "": Failed to obtain terrain tile X: 517 Y: 253 Level: 9. Error message: "undefined" @ https://cesium.com/downloads/cesiumjs/releases/1.120/Build/Cesium/Cesium.js:85
[ 1698581ms] [LOG] An error occurred in "": Failed to obtain terrain tile X: 1032 Y: 507 Level: 10. Error message: "undefined" @ https://cesium.com/downloads/cesiumjs/releases/1.120/Build/Cesium/Cesium.js:85
[ 1698581ms] [LOG] An error occurred in "": Failed to obtain terrain tile X: 1039 Y: 508 Level: 10. Error message: "undefined" @ https://cesium.com/downloads/cesiumjs/releases/1.120/Build/Cesium/Cesium.js:85
[ 1698625ms] [LOG] An error occurred in "": Failed to obtain terrain tile X: 1039 Y: 510 Level: 10. Error message: "undefined" @ https://cesium.com/downloads/cesiumjs/releases/1.120/Build/Cesium/Cesium.js:85
[ 1698626ms] [LOG] An error occurred in "": Failed to obtain terrain tile X: 519 Y: 253 Level: 9. Error message: "undefined" @ https://cesium.com/downloads/cesiumjs/releases/1.120/Build/Cesium/Cesium.js:85
[ 1698627ms] [LOG] An error occurred in "": Failed to obtain terrain tile X: 516 Y: 253 Level: 9. Error message: "undefined" @ https://cesium.com/downloads/cesiumjs/releases/1.120/Build/Cesium/Cesium.js:85
[ 1698628ms] [LOG] An error occurred in "": Failed to obtain terrain tile X: 1039 Y: 507 Level: 10. Error message: "undefined" @ https://cesium.com/downloads/cesiumjs/releases/1.120/Build/Cesium/Cesium.js:85
[ 1698629ms] [LOG] An error occurred in "": Failed to obtain terrain tile X: 259 Y: 126 Level: 8. Error message: "undefined" @ https://cesium.com/downloads/cesiumjs/releases/1.120/Build/Cesium/Cesium.js:85
[ 1698629ms] [LOG] An error occurred in "": Failed to obtain terrain tile X: 258 Y: 126 Level: 8. Error message: "undefined" @ https://cesium.com/downloads/cesiumjs/releases/1.120/Build/Cesium/Cesium.js:85
[ 1698713ms] [LOG] An error occurred in "": Failed to obtain terrain tile X: 1040 Y: 509 Level: 10. Error message: "undefined" @ https://cesium.com/downloads/cesiumjs/releases/1.120/Build/Cesium/Cesium.js:85
[ 1698714ms] [LOG] An error occurred in "": Failed to obtain terrain tile X: 1040 Y: 508 Level: 10. Error message: "undefined" @ https://cesium.com/downloads/cesiumjs/releases/1.120/Build/Cesium/Cesium.js:85
[ 1698761ms] [LOG] An error occurred in "": Failed to obtain terrain tile X: 520 Y: 255 Level: 9. Error message: "undefined" @ https://cesium.com/downloads/cesiumjs/releases/1.120/Build/Cesium/Cesium.js:85
[ 1698763ms] [LOG] An error occurred in "": Failed to obtain terrain tile X: 1040 Y: 510 Level: 10. Error message: "undefined" @ https://cesium.com/downloads/cesiumjs/releases/1.120/Build/Cesium/Cesium.js:85
[ 1698773ms] [LOG] An error occurred in "": Failed to obtain terrain tile X: 520 Y: 253 Level: 9. Error message: "undefined" @ https://cesium.com/downloads/cesiumjs/releases/1.120/Build/Cesium/Cesium.js:85
[ 1698776ms] [LOG] An error occurred in "": Failed to obtain terrain tile X: 520 Y: 254 Level: 9. Error message: "undefined" @ https://cesium.com/downloads/cesiumjs/releases/1.120/Build/Cesium/Cesium.js:85
[ 1698778ms] [LOG] An error occurred in "": Failed to obtain terrain tile X: 260 Y: 126 Level: 8. Error message: "undefined" @ https://cesium.com/downloads/cesiumjs/releases/1.120/Build/Cesium/Cesium.js:85
[ 1698779ms] [LOG] An error occurred in "": Failed to obtain terrain tile X: 260 Y: 127 Level: 8. Error message: "undefined" @ https://cesium.com/downloads/cesiumjs/releases/1.120/Build/Cesium/Cesium.js:85
[ 1698780ms] [LOG] An error occurred in "": Failed to obtain terrain tile X: 1040 Y: 507 Level: 10. Error message: "undefined" @ https://cesium.com/downloads/cesiumjs/releases/1.120/Build/Cesium/Cesium.js:85
[ 1698822ms] [LOG] An error occurred in "": Failed to obtain terrain tile X: 1031 Y: 508 Level: 10. Error message: "undefined" @ https://cesium.com/downloads/cesiumjs/releases/1.120/Build/Cesium/Cesium.js:85
[ 1698826ms] [LOG] An error occurred in "": Failed to obtain terrain tile X: 130 Y: 63 Level: 7. Error message: "undefined" @ https://cesium.com/downloads/cesiumjs/releases/1.120/Build/Cesium/Cesium.js:85
[ 1698827ms] [LOG] An error occurred in "": Failed to obtain terrain tile X: 1031 Y: 510 Level: 10. Error message: "undefined" @ https://cesium.com/downloads/cesiumjs/releases/1.120/Build/Cesium/Cesium.js:85
[ 1698827ms] [LOG] An error occurred in "": Failed to obtain terrain tile X: 1031 Y: 509 Level: 10. Error message: "undefined" @ https://cesium.com/downloads/cesiumjs/releases/1.120/Build/Cesium/Cesium.js:85
[ 1698828ms] [LOG] An error occurred in "": Failed to obtain terrain tile X: 65 Y: 31 Level: 6. Error message: "undefined" @ https://cesium.com/downloads/cesiumjs/releases/1.120/Build/Cesium/Cesium.js:85
[ 1698828ms] [LOG] An error occurred in "": Failed to obtain terrain tile X: 515 Y: 253 Level: 9. Error message: "undefined" @ https://cesium.com/downloads/cesiumjs/releases/1.120/Build/Cesium/Cesium.js:85
[ 1698828ms] [LOG] An error occurred in "": Failed to obtain terrain tile X: 1031 Y: 507 Level: 10. Error message: "undefined" @ https://cesium.com/downloads/cesiumjs/releases/1.120/Build/Cesium/Cesium.js:85
[ 1698829ms] [LOG] An error occurred in "": Failed to obtain terrain tile X: 515 Y: 255 Level: 9. Error message: "undefined" @ https://cesium.com/downloads/cesiumjs/releases/1.120/Build/Cesium/Cesium.js:85
[ 1698829ms] [LOG] An error occurred in "": Failed to obtain terrain tile X: 515 Y: 254 Level: 9. Error message: "undefined" @ https://cesium.com/downloads/cesiumjs/releases/1.120/Build/Cesium/Cesium.js:85
[ 1698873ms] [LOG] An error occurred in "": Failed to obtain terrain tile X: 257 Y: 127 Level: 8. Error message: "undefined" @ https://cesium.com/downloads/cesiumjs/releases/1.120/Build/Cesium/Cesium.js:85
[ 1698931ms] [LOG] An error occurred in "": Failed to obtain terrain tile X: 257 Y: 126 Level: 8. Error message: "undefined" @ https://cesium.com/downloads/cesiumjs/releases/1.120/Build/Cesium/Cesium.js:85
[ 1698932ms] [LOG] An error occurred in "": Failed to obtain terrain tile X: 128 Y: 63 Level: 7. Error message: "undefined" @ https://cesium.com/downloads/cesiumjs/releases/1.120/Build/Cesium/Cesium.js:85
[ 1699042ms] [LOG] An error occurred in "": Failed to obtain terrain tile X: 1035 Y: 506 Level: 10. Error message: "undefined" @ https://cesium.com/downloads/cesiumjs/releases/1.120/Build/Cesium/Cesium.js:85
[ 1699044ms] [LOG] An error occurred in "": Failed to obtain terrain tile X: 1037 Y: 511 Level: 10. Error message: "undefined" @ https://cesium.com/downloads/cesiumjs/releases/1.120/Build/Cesium/Cesium.js:85
[ 1699046ms] [LOG] An error occurred in "": Failed to obtain terrain tile X: 1036 Y: 506 Level: 10. Error message: "undefined" @ https://cesium.com/downloads/cesiumjs/releases/1.120/Build/Cesium/Cesium.js:85
[ 1699047ms] [LOG] An error occurred in "": Failed to obtain terrain tile X: 1036 Y: 511 Level: 10. Error message: "undefined" @ https://cesium.com/downloads/cesiumjs/releases/1.120/Build/Cesium/Cesium.js:85
[ 1699049ms] [LOG] An error occurred in "": Failed to obtain terrain tile X: 1035 Y: 511 Level: 10. Error message: "undefined" @ https://cesium.com/downloads/cesiumjs/releases/1.120/Build/Cesium/Cesium.js:85
[ 1699050ms] [LOG] An error occurred in "": Failed to obtain terrain tile X: 1037 Y: 506 Level: 10. Error message: "undefined" @ https://cesium.com/downloads/cesiumjs/releases/1.120/Build/Cesium/Cesium.js:85
[ 1699088ms] [LOG] An error occurred in "": Failed to obtain terrain tile X: 1039 Y: 506 Level: 10. Error message: "undefined" @ https://cesium.com/downloads/cesiumjs/releases/1.120/Build/Cesium/Cesium.js:85
[ 1699090ms] [LOG] An error occurred in "": Failed to obtain terrain tile X: 1033 Y: 506 Level: 10. Error message: "undefined" @ https://cesium.com/downloads/cesiumjs/releases/1.120/Build/Cesium/Cesium.js:85
[ 1699091ms] [LOG] An error occurred in "": Failed to obtain terrain tile X: 1032 Y: 506 Level: 10. Error message: "undefined" @ https://cesium.com/downloads/cesiumjs/releases/1.120/Build/Cesium/Cesium.js:85
[ 1699092ms] [LOG] An error occurred in "": Failed to obtain terrain tile X: 1033 Y: 511 Level: 10. Error message: "undefined" @ https://cesium.com/downloads/cesiumjs/releases/1.120/Build/Cesium/Cesium.js:85
[ 1699095ms] [LOG] An error occurred in "": Failed to obtain terrain tile X: 1038 Y: 511 Level: 10. Error message: "undefined" @ https://cesium.com/downloads/cesiumjs/releases/1.120/Build/Cesium/Cesium.js:85
[ 1699100ms] [LOG] An error occurred in "": Failed to obtain terrain tile X: 1039 Y: 511 Level: 10. Error message: "undefined" @ https://cesium.com/downloads/cesiumjs/releases/1.120/Build/Cesium/Cesium.js:85
[ 1699101ms] [LOG] An error occurred in "": Failed to obtain terrain tile X: 1034 Y: 511 Level: 10. Error message: "undefined" @ https://cesium.com/downloads/cesiumjs/releases/1.120/Build/Cesium/Cesium.js:85
[ 1699102ms] [LOG] An error occurred in "": Failed to obtain terrain tile X: 1034 Y: 506 Level: 10. Error message: "undefined" @ https://cesium.com/downloads/cesiumjs/releases/1.120/Build/Cesium/Cesium.js:85
[ 1699102ms] [LOG] An error occurred in "": Failed to obtain terrain tile X: 1038 Y: 506 Level: 10. Error message: "undefined" @ https://cesium.com/downloads/cesiumjs/releases/1.120/Build/Cesium/Cesium.js:85
[ 1699153ms] [LOG] An error occurred in "": Failed to obtain terrain tile X: 1041 Y: 508 Level: 10. Error message: "undefined" @ https://cesium.com/downloads/cesiumjs/releases/1.120/Build/Cesium/Cesium.js:85
[ 1699155ms] [LOG] An error occurred in "": Failed to obtain terrain tile X: 1041 Y: 510 Level: 10. Error message: "undefined" @ https://cesium.com/downloads/cesiumjs/releases/1.120/Build/Cesium/Cesium.js:85
[ 1699156ms] [LOG] An error occurred in "": Failed to obtain terrain tile X: 1041 Y: 511 Level: 10. Error message: "undefined" @ https://cesium.com/downloads/cesiumjs/releases/1.120/Build/Cesium/Cesium.js:85
[ 1699157ms] [LOG] An error occurred in "": Failed to obtain terrain tile X: 1041 Y: 506 Level: 10. Error message: "undefined" @ https://cesium.com/downloads/cesiumjs/releases/1.120/Build/Cesium/Cesium.js:85
[ 1699158ms] [LOG] An error occurred in "": Failed to obtain terrain tile X: 1041 Y: 509 Level: 10. Error message: "undefined" @ https://cesium.com/downloads/cesiumjs/releases/1.120/Build/Cesium/Cesium.js:85
[ 1699160ms] [LOG] An error occurred in "": Failed to obtain terrain tile X: 1041 Y: 507 Level: 10. Error message: "undefined" @ https://cesium.com/downloads/cesiumjs/releases/1.120/Build/Cesium/Cesium.js:85
[ 1699163ms] [LOG] An error occurred in "": Failed to obtain terrain tile X: 1040 Y: 506 Level: 10. Error message: "undefined" @ https://cesium.com/downloads/cesiumjs/releases/1.120/Build/Cesium/Cesium.js:85
[ 1699164ms] [LOG] An error occurred in "": Failed to obtain terrain tile X: 1032 Y: 511 Level: 10. Error message: "undefined" @ https://cesium.com/downloads/cesiumjs/releases/1.120/Build/Cesium/Cesium.js:85
[ 1699166ms] [LOG] An error occurred in "": Failed to obtain terrain tile X: 1040 Y: 511 Level: 10. Error message: "undefined" @ https://cesium.com/downloads/cesiumjs/releases/1.120/Build/Cesium/Cesium.js:85
[ 1699245ms] [LOG] An error occurred in "": Failed to obtain terrain tile X: 521 Y: 254 Level: 9. Error message: "undefined" @ https://cesium.com/downloads/cesiumjs/releases/1.120/Build/Cesium/Cesium.js:85
[ 1699246ms] [LOG] An error occurred in "": Failed to obtain terrain tile X: 521 Y: 253 Level: 9. Error message: "undefined" @ https://cesium.com/downloads/cesiumjs/releases/1.120/Build/Cesium/Cesium.js:85
[ 1699246ms] [LOG] An error occurred in "": Failed to obtain terrain tile X: 521 Y: 255 Level: 9. Error message: "undefined" @ https://cesium.com/downloads/cesiumjs/releases/1.120/Build/Cesium/Cesium.js:85
[ 1699387ms] [LOG] An error occurred in "": Failed to obtain terrain tile X: 521 Y: 252 Level: 9. Error message: "undefined" @ https://cesium.com/downloads/cesiumjs/releases/1.120/Build/Cesium/Cesium.js:85
[ 1699429ms] [LOG] An error occurred in "": Failed to obtain terrain tile X: 515 Y: 252 Level: 9. Error message: "undefined" @ https://cesium.com/downloads/cesiumjs/releases/1.120/Build/Cesium/Cesium.js:85
[ 1699429ms] [LOG] An error occurred in "": Failed to obtain terrain tile X: 519 Y: 252 Level: 9. Error message: "undefined" @ https://cesium.com/downloads/cesiumjs/releases/1.120/Build/Cesium/Cesium.js:85
[ 1699430ms] [LOG] An error occurred in "": Failed to obtain terrain tile X: 520 Y: 252 Level: 9. Error message: "undefined" @ https://cesium.com/downloads/cesiumjs/releases/1.120/Build/Cesium/Cesium.js:85
[ 1699430ms] [LOG] An error occurred in "": Failed to obtain terrain tile X: 517 Y: 252 Level: 9. Error message: "undefined" @ https://cesium.com/downloads/cesiumjs/releases/1.120/Build/Cesium/Cesium.js:85
[ 1699430ms] [LOG] An error occurred in "": Failed to obtain terrain tile X: 518 Y: 252 Level: 9. Error message: "undefined" @ https://cesium.com/downloads/cesiumjs/releases/1.120/Build/Cesium/Cesium.js:85
[ 1699478ms] [LOG] An error occurred in "": Failed to obtain terrain tile X: 516 Y: 252 Level: 9. Error message: "undefined" @ https://cesium.com/downloads/cesiumjs/releases/1.120/Build/Cesium/Cesium.js:85
[ 1699812ms] [LOG] An error occurred in "": Failed to obtain terrain tile X: 522 Y: 254 Level: 9. Error message: "undefined" @ https://cesium.com/downloads/cesiumjs/releases/1.120/Build/Cesium/Cesium.js:85
[ 1699849ms] [LOG] An error occurred in "": Failed to obtain terrain tile X: 514 Y: 254 Level: 9. Error message: "undefined" @ https://cesium.com/downloads/cesiumjs/releases/1.120/Build/Cesium/Cesium.js:85
[ 1699849ms] [LOG] An error occurred in "": Failed to obtain terrain tile X: 522 Y: 255 Level: 9. Error message: "undefined" @ https://cesium.com/downloads/cesiumjs/releases/1.120/Build/Cesium/Cesium.js:85
[ 1699850ms] [LOG] An error occurred in "": Failed to obtain terrain tile X: 514 Y: 253 Level: 9. Error message: "undefined" @ https://cesium.com/downloads/cesiumjs/releases/1.120/Build/Cesium/Cesium.js:85
[ 1699851ms] [LOG] An error occurred in "": Failed to obtain terrain tile X: 522 Y: 253 Level: 9. Error message: "undefined" @ https://cesium.com/downloads/cesiumjs/releases/1.120/Build/Cesium/Cesium.js:85
[ 1699851ms] [LOG] An error occurred in "": Failed to obtain terrain tile X: 522 Y: 252 Level: 9. Error message: "undefined" @ https://cesium.com/downloads/cesiumjs/releases/1.120/Build/Cesium/Cesium.js:85
[ 1699895ms] [LOG] An error occurred in "": Failed to obtain terrain tile X: 514 Y: 252 Level: 9. Error message: "undefined" @ https://cesium.com/downloads/cesiumjs/releases/1.120/Build/Cesium/Cesium.js:85
[ 1699896ms] [LOG] An error occurred in "": Failed to obtain terrain tile X: 514 Y: 255 Level: 9. Error message: "undefined" @ https://cesium.com/downloads/cesiumjs/releases/1.120/Build/Cesium/Cesium.js:85
[ 1699896ms] [LOG] An error occurred in "": Failed to obtain terrain tile X: 261 Y: 126 Level: 8. Error message: "undefined" @ https://cesium.com/downloads/cesiumjs/releases/1.120/Build/Cesium/Cesium.js:85
[ 1699946ms] [LOG] An error occurred in "": Failed to obtain terrain tile X: 261 Y: 127 Level: 8. Error message: "undefined" @ https://cesium.com/downloads/cesiumjs/releases/1.120/Build/Cesium/Cesium.js:85
[ 1700055ms] [LOG] An error occurred in "": Failed to obtain terrain tile X: 520 Y: 251 Level: 9. Error message: "undefined" @ https://cesium.com/downloads/cesiumjs/releases/1.120/Build/Cesium/Cesium.js:85
[ 1700095ms] [LOG] An error occurred in "": Failed to obtain terrain tile X: 519 Y: 251 Level: 9. Error message: "undefined" @ https://cesium.com/downloads/cesiumjs/releases/1.120/Build/Cesium/Cesium.js:85
[ 1700099ms] [LOG] An error occurred in "": Failed to obtain terrain tile X: 517 Y: 251 Level: 9. Error message: "undefined" @ https://cesium.com/downloads/cesiumjs/releases/1.120/Build/Cesium/Cesium.js:85
[ 1700101ms] [LOG] An error occurred in "": Failed to obtain terrain tile X: 516 Y: 251 Level: 9. Error message: "undefined" @ https://cesium.com/downloads/cesiumjs/releases/1.120/Build/Cesium/Cesium.js:85
[ 1700102ms] [LOG] An error occurred in "": Failed to obtain terrain tile X: 521 Y: 251 Level: 9. Error message: "undefined" @ https://cesium.com/downloads/cesiumjs/releases/1.120/Build/Cesium/Cesium.js:85
[ 1700103ms] [LOG] An error occurred in "": Failed to obtain terrain tile X: 518 Y: 251 Level: 9. Error message: "undefined" @ https://cesium.com/downloads/cesiumjs/releases/1.120/Build/Cesium/Cesium.js:85
[ 1700155ms] [LOG] An error occurred in "": Failed to obtain terrain tile X: 514 Y: 251 Level: 9. Error message: "undefined" @ https://cesium.com/downloads/cesiumjs/releases/1.120/Build/Cesium/Cesium.js:85
[ 1700158ms] [LOG] An error occurred in "": Failed to obtain terrain tile X: 523 Y: 254 Level: 9. Error message: "undefined" @ https://cesium.com/downloads/cesiumjs/releases/1.120/Build/Cesium/Cesium.js:85
[ 1700159ms] [LOG] An error occurred in "": Failed to obtain terrain tile X: 523 Y: 253 Level: 9. Error message: "undefined" @ https://cesium.com/downloads/cesiumjs/releases/1.120/Build/Cesium/Cesium.js:85
[ 1700161ms] [LOG] An error occurred in "": Failed to obtain terrain tile X: 523 Y: 255 Level: 9. Error message: "undefined" @ https://cesium.com/downloads/cesiumjs/releases/1.120/Build/Cesium/Cesium.js:85
[ 1700162ms] [LOG] An error occurred in "": Failed to obtain terrain tile X: 523 Y: 252 Level: 9. Error message: "undefined" @ https://cesium.com/downloads/cesiumjs/releases/1.120/Build/Cesium/Cesium.js:85
[ 1700162ms] [LOG] An error occurred in "": Failed to obtain terrain tile X: 515 Y: 251 Level: 9. Error message: "undefined" @ https://cesium.com/downloads/cesiumjs/releases/1.120/Build/Cesium/Cesium.js:85
[ 1700163ms] [LOG] An error occurred in "": Failed to obtain terrain tile X: 522 Y: 251 Level: 9. Error message: "undefined" @ https://cesium.com/downloads/cesiumjs/releases/1.120/Build/Cesium/Cesium.js:85
[ 1700164ms] [LOG] An error occurred in "": Failed to obtain terrain tile X: 260 Y: 125 Level: 8. Error message: "undefined" @ https://cesium.com/downloads/cesiumjs/releases/1.120/Build/Cesium/Cesium.js:85
[ 1700194ms] [LOG] An error occurred in "": Failed to obtain terrain tile X: 261 Y: 125 Level: 8. Error message: "undefined" @ https://cesium.com/downloads/cesiumjs/releases/1.120/Build/Cesium/Cesium.js:85
[ 1700196ms] [LOG] An error occurred in "": Failed to obtain terrain tile X: 259 Y: 125 Level: 8. Error message: "undefined" @ https://cesium.com/downloads/cesiumjs/releases/1.120/Build/Cesium/Cesium.js:85
[ 1700198ms] [LOG] An error occurred in "": Failed to obtain terrain tile X: 128 Y: 62 Level: 7. Error message: "undefined" @ https://cesium.com/downloads/cesiumjs/releases/1.120/Build/Cesium/Cesium.js:85
[ 1700199ms] [LOG] An error occurred in "": Failed to obtain terrain tile X: 130 Y: 62 Level: 7. Error message: "undefined" @ https://cesium.com/downloads/cesiumjs/releases/1.120/Build/Cesium/Cesium.js:85
[ 1700200ms] [LOG] An error occurred in "": Failed to obtain terrain tile X: 523 Y: 251 Level: 9. Error message: "undefined" @ https://cesium.com/downloads/cesiumjs/releases/1.120/Build/Cesium/Cesium.js:85
[ 1700201ms] [LOG] An error occurred in "": Failed to obtain terrain tile X: 258 Y: 125 Level: 8. Error message: "undefined" @ https://cesium.com/downloads/cesiumjs/releases/1.120/Build/Cesium/Cesium.js:85
[ 1700249ms] [LOG] An error occurred in "": Failed to obtain terrain tile X: 257 Y: 125 Level: 8. Error message: "undefined" @ https://cesium.com/downloads/cesiumjs/releases/1.120/Build/Cesium/Cesium.js:85
[ 1700252ms] [LOG] An error occurred in "": Failed to obtain terrain tile X: 129 Y: 62 Level: 7. Error message: "undefined" @ https://cesium.com/downloads/cesiumjs/releases/1.120/Build/Cesium/Cesium.js:85
[ 1701025ms] [LOG] An error occurred in "": Failed to obtain terrain tile X: 257 Y: 128 Level: 8. Error message: "undefined" @ https://cesium.com/downloads/cesiumjs/releases/1.120/Build/Cesium/Cesium.js:85
[ 1701026ms] [LOG] An error occurred in "": Failed to obtain terrain tile X: 519 Y: 256 Level: 9. Error message: "undefined" @ https://cesium.com/downloads/cesiumjs/releases/1.120/Build/Cesium/Cesium.js:85
[ 1701029ms] [LOG] An error occurred in "": Failed to obtain terrain tile X: 130 Y: 64 Level: 7. Error message: "undefined" @ https://cesium.com/downloads/cesiumjs/releases/1.120/Build/Cesium/Cesium.js:85
[ 1701030ms] [LOG] An error occurred in "": Failed to obtain terrain tile X: 259 Y: 128 Level: 8. Error message: "undefined" @ https://cesium.com/downloads/cesiumjs/releases/1.120/Build/Cesium/Cesium.js:85
[ 1701031ms] [LOG] An error occurred in "": Failed to obtain terrain tile X: 516 Y: 256 Level: 9. Error message: "undefined" @ https://cesium.com/downloads/cesiumjs/releases/1.120/Build/Cesium/Cesium.js:85
[ 1701031ms] [LOG] An error occurred in "": Failed to obtain terrain tile X: 518 Y: 256 Level: 9. Error message: "undefined" @ https://cesium.com/downloads/cesiumjs/releases/1.120/Build/Cesium/Cesium.js:85
[ 1701032ms] [LOG] An error occurred in "": Failed to obtain terrain tile X: 262 Y: 127 Level: 8. Error message: "undefined" @ https://cesium.com/downloads/cesiumjs/releases/1.120/Build/Cesium/Cesium.js:85
[ 1701032ms] [LOG] An error occurred in "": Failed to obtain terrain tile X: 262 Y: 126 Level: 8. Error message: "undefined" @ https://cesium.com/downloads/cesiumjs/releases/1.120/Build/Cesium/Cesium.js:85
[ 1701033ms] [LOG] An error occurred in "": Failed to obtain terrain tile X: 32 Y: 16 Level: 5. Error message: "undefined" @ https://cesium.com/downloads/cesiumjs/releases/1.120/Build/Cesium/Cesium.js:85
[ 1701034ms] [LOG] An error occurred in "": Failed to obtain terrain tile X: 65 Y: 32 Level: 6. Error message: "undefined" @ https://cesium.com/downloads/cesiumjs/releases/1.120/Build/Cesium/Cesium.js:85
[ 1701085ms] [LOG] An error occurred in "": Failed to obtain terrain tile X: 517 Y: 256 Level: 9. Error message: "undefined" @ https://cesium.com/downloads/cesiumjs/releases/1.120/Build/Cesium/Cesium.js:85
[ 1701085ms] [LOG] An error occurred in "": Failed to obtain terrain tile X: 256 Y: 127 Level: 8. Error message: "undefined" @ https://cesium.com/downloads/cesiumjs/releases/1.120/Build/Cesium/Cesium.js:85
[ 1701087ms] [LOG] An error occurred in "": Failed to obtain terrain tile X: 256 Y: 126 Level: 8. Error message: "undefined" @ https://cesium.com/downloads/cesiumjs/releases/1.120/Build/Cesium/Cesium.js:85
[ 1701088ms] [LOG] An error occurred in "": Failed to obtain terrain tile X: 131 Y: 62 Level: 7. Error message: "undefined" @ https://cesium.com/downloads/cesiumjs/releases/1.120/Build/Cesium/Cesium.js:85
[ 1701089ms] [LOG] An error occurred in "": Failed to obtain terrain tile X: 258 Y: 128 Level: 8. Error message: "undefined" @ https://cesium.com/downloads/cesiumjs/releases/1.120/Build/Cesium/Cesium.js:85
[ 1701090ms] [LOG] An error occurred in "": Failed to obtain terrain tile X: 261 Y: 128 Level: 8. Error message: "undefined" @ https://cesium.com/downloads/cesiumjs/releases/1.120/Build/Cesium/Cesium.js:85
[ 1701090ms] [LOG] An error occurred in "": Failed to obtain terrain tile X: 256 Y: 128 Level: 8. Error message: "undefined" @ https://cesium.com/downloads/cesiumjs/releases/1.120/Build/Cesium/Cesium.js:85
[ 1701090ms] [LOG] An error occurred in "": Failed to obtain terrain tile X: 131 Y: 64 Level: 7. Error message: "undefined" @ https://cesium.com/downloads/cesiumjs/releases/1.120/Build/Cesium/Cesium.js:85
[ 1701091ms] [LOG] An error occurred in "": Failed to obtain terrain tile X: 521 Y: 256 Level: 9. Error message: "undefined" @ https://cesium.com/downloads/cesiumjs/releases/1.120/Build/Cesium/Cesium.js:85
[ 1701091ms] [LOG] An error occurred in "": Failed to obtain terrain tile X: 260 Y: 128 Level: 8. Error message: "undefined" @ https://cesium.com/downloads/cesiumjs/releases/1.120/Build/Cesium/Cesium.js:85
[ 1701093ms] [LOG] An error occurred in "": Failed to obtain terrain tile X: 129 Y: 64 Level: 7. Error message: "undefined" @ https://cesium.com/downloads/cesiumjs/releases/1.120/Build/Cesium/Cesium.js:85
[ 1701095ms] [LOG] An error occurred in "": Failed to obtain terrain tile X: 520 Y: 256 Level: 9. Error message: "undefined" @ https://cesium.com/downloads/cesiumjs/releases/1.120/Build/Cesium/Cesium.js:85
[ 1701096ms] [LOG] An error occurred in "": Failed to obtain terrain tile X: 262 Y: 125 Level: 8. Error message: "undefined" @ https://cesium.com/downloads/cesiumjs/releases/1.120/Build/Cesium/Cesium.js:85
[ 1701096ms] [LOG] An error occurred in "": Failed to obtain terrain tile X: 128 Y: 64 Level: 7. Error message: "undefined" @ https://cesium.com/downloads/cesiumjs/releases/1.120/Build/Cesium/Cesium.js:85
[ 1701097ms] [LOG] An error occurred in "": Failed to obtain terrain tile X: 64 Y: 32 Level: 6. Error message: "undefined" @ https://cesium.com/downloads/cesiumjs/releases/1.120/Build/Cesium/Cesium.js:85
[ 1701098ms] [LOG] An error occurred in "": Failed to obtain terrain tile X: 256 Y: 125 Level: 8. Error message: "undefined" @ https://cesium.com/downloads/cesiumjs/releases/1.120/Build/Cesium/Cesium.js:85
[ 1701142ms] [LOG] An error occurred in "": Failed to obtain terrain tile X: 262 Y: 128 Level: 8. Error message: "undefined" @ https://cesium.com/downloads/cesiumjs/releases/1.120/Build/Cesium/Cesium.js:85
[ 1701143ms] [LOG] An error occurred in "": Failed to obtain terrain tile X: 131 Y: 63 Level: 7. Error message: "undefined" @ https://cesium.com/downloads/cesiumjs/releases/1.120/Build/Cesium/Cesium.js:85
[ 1701333ms] [LOG] An error occurred in "": Failed to obtain terrain tile X: 263 Y: 126 Level: 8. Error message: "undefined" @ https://cesium.com/downloads/cesiumjs/releases/1.120/Build/Cesium/Cesium.js:85
[ 1701334ms] [LOG] An error occurred in "": Failed to obtain terrain tile X: 263 Y: 127 Level: 8. Error message: "undefined" @ https://cesium.com/downloads/cesiumjs/releases/1.120/Build/Cesium/Cesium.js:85
[ 1701335ms] [LOG] An error occurred in "": Failed to obtain terrain tile X: 263 Y: 125 Level: 8. Error message: "undefined" @ https://cesium.com/downloads/cesiumjs/releases/1.120/Build/Cesium/Cesium.js:85
[ 1701335ms] [LOG] An error occurred in "": Failed to obtain terrain tile X: 263 Y: 128 Level: 8. Error message: "undefined" @ https://cesium.com/downloads/cesiumjs/releases/1.120/Build/Cesium/Cesium.js:85
[ 1707663ms] [LOG] An error occurred in "": Failed to obtain terrain tile X: 258 Y: 124 Level: 8. Error message: "undefined" @ https://cesium.com/downloads/cesiumjs/releases/1.120/Build/Cesium/Cesium.js:85
[ 1707664ms] [LOG] An error occurred in "": Failed to obtain terrain tile X: 260 Y: 124 Level: 8. Error message: "undefined" @ https://cesium.com/downloads/cesiumjs/releases/1.120/Build/Cesium/Cesium.js:85
[ 1707664ms] [LOG] An error occurred in "": Failed to obtain terrain tile X: 263 Y: 124 Level: 8. Error message: "undefined" @ https://cesium.com/downloads/cesiumjs/releases/1.120/Build/Cesium/Cesium.js:85
[ 1707664ms] [LOG] An error occurred in "": Failed to obtain terrain tile X: 262 Y: 124 Level: 8. Error message: "undefined" @ https://cesium.com/downloads/cesiumjs/releases/1.120/Build/Cesium/Cesium.js:85
[ 1707665ms] [LOG] An error occurred in "": Failed to obtain terrain tile X: 257 Y: 124 Level: 8. Error message: "undefined" @ https://cesium.com/downloads/cesiumjs/releases/1.120/Build/Cesium/Cesium.js:85
[ 1707665ms] [LOG] An error occurred in "": Failed to obtain terrain tile X: 259 Y: 124 Level: 8. Error message: "undefined" @ https://cesium.com/downloads/cesiumjs/releases/1.120/Build/Cesium/Cesium.js:85
[ 1707665ms] [LOG] An error occurred in "": Failed to obtain terrain tile X: 256 Y: 124 Level: 8. Error message: "undefined" @ https://cesium.com/downloads/cesiumjs/releases/1.120/Build/Cesium/Cesium.js:85
[ 1707665ms] [LOG] An error occurred in "": Failed to obtain terrain tile X: 261 Y: 124 Level: 8. Error message: "undefined" @ https://cesium.com/downloads/cesiumjs/releases/1.120/Build/Cesium/Cesium.js:85
[ 1707665ms] [LOG] An error occurred in "": Failed to obtain terrain tile X: 255 Y: 128 Level: 8. Error message: "undefined" @ https://cesium.com/downloads/cesiumjs/releases/1.120/Build/Cesium/Cesium.js:85
[ 1707666ms] [LOG] An error occurred in "": Failed to obtain terrain tile X: 127 Y: 64 Level: 7. Error message: "undefined" @ https://cesium.com/downloads/cesiumjs/releases/1.120/Build/Cesium/Cesium.js:85
[ 1707666ms] [LOG] An error occurred in "": Failed to obtain terrain tile X: 255 Y: 126 Level: 8. Error message: "undefined" @ https://cesium.com/downloads/cesiumjs/releases/1.120/Build/Cesium/Cesium.js:85
[ 1707667ms] [LOG] An error occurred in "": Failed to obtain terrain tile X: 63 Y: 31 Level: 6. Error message: "undefined" @ https://cesium.com/downloads/cesiumjs/releases/1.120/Build/Cesium/Cesium.js:85
[ 1707668ms] [LOG] An error occurred in "": Failed to obtain terrain tile X: 63 Y: 32 Level: 6. Error message: "undefined" @ https://cesium.com/downloads/cesiumjs/releases/1.120/Build/Cesium/Cesium.js:85
[ 1707669ms] [LOG] An error occurred in "": Failed to obtain terrain tile X: 255 Y: 127 Level: 8. Error message: "undefined" @ https://cesium.com/downloads/cesiumjs/releases/1.120/Build/Cesium/Cesium.js:85
[ 1707670ms] [LOG] An error occurred in "": Failed to obtain terrain tile X: 255 Y: 125 Level: 8. Error message: "undefined" @ https://cesium.com/downloads/cesiumjs/releases/1.120/Build/Cesium/Cesium.js:85
[ 1707670ms] [LOG] An error occurred in "": Failed to obtain terrain tile X: 31 Y: 16 Level: 5. Error message: "undefined" @ https://cesium.com/downloads/cesiumjs/releases/1.120/Build/Cesium/Cesium.js:85
[ 1707671ms] [LOG] An error occurred in "": Failed to obtain terrain tile X: 31 Y: 15 Level: 5. Error message: "undefined" @ https://cesium.com/downloads/cesiumjs/releases/1.120/Build/Cesium/Cesium.js:85
[ 1707671ms] [LOG] An error occurred in "": Failed to obtain terrain tile X: 127 Y: 63 Level: 7. Error message: "undefined" @ https://cesium.com/downloads/cesiumjs/releases/1.120/Build/Cesium/Cesium.js:85
[ 1707672ms] [LOG] An error occurred in "": Failed to obtain terrain tile X: 255 Y: 124 Level: 8. Error message: "undefined" @ https://cesium.com/downloads/cesiumjs/releases/1.120/Build/Cesium/Cesium.js:85
[ 1707674ms] [LOG] An error occurred in "": Failed to obtain terrain tile X: 127 Y: 62 Level: 7. Error message: "undefined" @ https://cesium.com/downloads/cesiumjs/releases/1.120/Build/Cesium/Cesium.js:85
[ 1707675ms] [LOG] An error occurred in "": Failed to obtain terrain tile X: 132 Y: 63 Level: 7. Error message: "undefined" @ https://cesium.com/downloads/cesiumjs/releases/1.120/Build/Cesium/Cesium.js:85
[ 1707675ms] [LOG] An error occurred in "": Failed to obtain terrain tile X: 264 Y: 127 Level: 8. Error message: "undefined" @ https://cesium.com/downloads/cesiumjs/releases/1.120/Build/Cesium/Cesium.js:85
[ 1707675ms] [LOG] An error occurred in "": Failed to obtain terrain tile X: 264 Y: 125 Level: 8. Error message: "undefined" @ https://cesium.com/downloads/cesiumjs/releases/1.120/Build/Cesium/Cesium.js:85
[ 1707676ms] [LOG] An error occurred in "": Failed to obtain terrain tile X: 132 Y: 64 Level: 7. Error message: "undefined" @ https://cesium.com/downloads/cesiumjs/releases/1.120/Build/Cesium/Cesium.js:85
[ 1707676ms] [LOG] An error occurred in "": Failed to obtain terrain tile X: 264 Y: 128 Level: 8. Error message: "undefined" @ https://cesium.com/downloads/cesiumjs/releases/1.120/Build/Cesium/Cesium.js:85
[ 1707676ms] [LOG] An error occurred in "": Failed to obtain terrain tile X: 264 Y: 124 Level: 8. Error message: "undefined" @ https://cesium.com/downloads/cesiumjs/releases/1.120/Build/Cesium/Cesium.js:85
[ 1707677ms] [LOG] An error occurred in "": Failed to obtain terrain tile X: 264 Y: 126 Level: 8. Error message: "undefined" @ https://cesium.com/downloads/cesiumjs/releases/1.120/Build/Cesium/Cesium.js:85
[ 1707677ms] [LOG] An error occurred in "": Failed to obtain terrain tile X: 33 Y: 16 Level: 5. Error message: "undefined" @ https://cesium.com/downloads/cesiumjs/releases/1.120/Build/Cesium/Cesium.js:85
[ 1707678ms] [LOG] An error occurred in "": Failed to obtain terrain tile X: 132 Y: 62 Level: 7. Error message: "undefined" @ https://cesium.com/downloads/cesiumjs/releases/1.120/Build/Cesium/Cesium.js:85
[ 1707716ms] [LOG] An error occurred in "": Failed to obtain terrain tile X: 265 Y: 127 Level: 8. Error message: "undefined" @ https://cesium.com/downloads/cesiumjs/releases/1.120/Build/Cesium/Cesium.js:85
[ 1707716ms] [LOG] An error occurred in "": Failed to obtain terrain tile X: 265 Y: 126 Level: 8. Error message: "undefined" @ https://cesium.com/downloads/cesiumjs/releases/1.120/Build/Cesium/Cesium.js:85
[ 1707717ms] [LOG] An error occurred in "": Failed to obtain terrain tile X: 265 Y: 124 Level: 8. Error message: "undefined" @ https://cesium.com/downloads/cesiumjs/releases/1.120/Build/Cesium/Cesium.js:85
[ 1707717ms] [LOG] An error occurred in "": Failed to obtain terrain tile X: 66 Y: 31 Level: 6. Error message: "undefined" @ https://cesium.com/downloads/cesiumjs/releases/1.120/Build/Cesium/Cesium.js:85
[ 1707718ms] [LOG] An error occurred in "": Failed to obtain terrain tile X: 265 Y: 125 Level: 8. Error message: "undefined" @ https://cesium.com/downloads/cesiumjs/releases/1.120/Build/Cesium/Cesium.js:85
[ 1707718ms] [LOG] An error occurred in "": Failed to obtain terrain tile X: 63 Y: 30 Level: 6. Error message: "undefined" @ https://cesium.com/downloads/cesiumjs/releases/1.120/Build/Cesium/Cesium.js:85
[ 1707719ms] [LOG] An error occurred in "": Failed to obtain terrain tile X: 127 Y: 61 Level: 7. Error message: "undefined" @ https://cesium.com/downloads/cesiumjs/releases/1.120/Build/Cesium/Cesium.js:85
[ 1707719ms] [LOG] An error occurred in "": Failed to obtain terrain tile X: 265 Y: 128 Level: 8. Error message: "undefined" @ https://cesium.com/downloads/cesiumjs/releases/1.120/Build/Cesium/Cesium.js:85
[ 1707720ms] [LOG] An error occurred in "": Failed to obtain terrain tile X: 33 Y: 15 Level: 5. Error message: "undefined" @ https://cesium.com/downloads/cesiumjs/releases/1.120/Build/Cesium/Cesium.js:85
[ 1707720ms] [LOG] An error occurred in "": Failed to obtain terrain tile X: 66 Y: 32 Level: 6. Error message: "undefined" @ https://cesium.com/downloads/cesiumjs/releases/1.120/Build/Cesium/Cesium.js:85
[ 1707763ms] [LOG] An error occurred in "": Failed to obtain terrain tile X: 262 Y: 123 Level: 8. Error message: "undefined" @ https://cesium.com/downloads/cesiumjs/releases/1.120/Build/Cesium/Cesium.js:85
[ 1707764ms] [LOG] An error occurred in "": Failed to obtain terrain tile X: 260 Y: 123 Level: 8. Error message: "undefined" @ https://cesium.com/downloads/cesiumjs/releases/1.120/Build/Cesium/Cesium.js:85
[ 1707765ms] [LOG] An error occurred in "": Failed to obtain terrain tile X: 263 Y: 123 Level: 8. Error message: "undefined" @ https://cesium.com/downloads/cesiumjs/releases/1.120/Build/Cesium/Cesium.js:85
[ 1707766ms] [LOG] An error occurred in "": Failed to obtain terrain tile X: 257 Y: 123 Level: 8. Error message: "undefined" @ https://cesium.com/downloads/cesiumjs/releases/1.120/Build/Cesium/Cesium.js:85
[ 1707767ms] [LOG] An error occurred in "": Failed to obtain terrain tile X: 130 Y: 61 Level: 7. Error message: "undefined" @ https://cesium.com/downloads/cesiumjs/releases/1.120/Build/Cesium/Cesium.js:85
[ 1707767ms] [LOG] An error occurred in "": Failed to obtain terrain tile X: 256 Y: 123 Level: 8. Error message: "undefined" @ https://cesium.com/downloads/cesiumjs/releases/1.120/Build/Cesium/Cesium.js:85
[ 1707813ms] [LOG] An error occurred in "": Failed to obtain terrain tile X: 258 Y: 123 Level: 8. Error message: "undefined" @ https://cesium.com/downloads/cesiumjs/releases/1.120/Build/Cesium/Cesium.js:85
[ 1707814ms] [LOG] An error occurred in "": Failed to obtain terrain tile X: 261 Y: 123 Level: 8. Error message: "undefined" @ https://cesium.com/downloads/cesiumjs/releases/1.120/Build/Cesium/Cesium.js:85
[ 1707815ms] [LOG] An error occurred in "": Failed to obtain terrain tile X: 64 Y: 30 Level: 6. Error message: "undefined" @ https://cesium.com/downloads/cesiumjs/releases/1.120/Build/Cesium/Cesium.js:85
[ 1707817ms] [LOG] An error occurred in "": Failed to obtain terrain tile X: 65 Y: 30 Level: 6. Error message: "undefined" @ https://cesium.com/downloads/cesiumjs/releases/1.120/Build/Cesium/Cesium.js:85
[ 1707818ms] [LOG] An error occurred in "": Failed to obtain terrain tile X: 66 Y: 30 Level: 6. Error message: "undefined" @ https://cesium.com/downloads/cesiumjs/releases/1.120/Build/Cesium/Cesium.js:85
[ 1707819ms] [LOG] An error occurred in "": Failed to obtain terrain tile X: 259 Y: 123 Level: 8. Error message: "undefined" @ https://cesium.com/downloads/cesiumjs/releases/1.120/Build/Cesium/Cesium.js:85
[ 1707823ms] [LOG] An error occurred in "": Failed to obtain terrain tile X: 129 Y: 61 Level: 7. Error message: "undefined" @ https://cesium.com/downloads/cesiumjs/releases/1.120/Build/Cesium/Cesium.js:85
[ 1707824ms] [LOG] An error occurred in "": Failed to obtain terrain tile X: 128 Y: 61 Level: 7. Error message: "undefined" @ https://cesium.com/downloads/cesiumjs/releases/1.120/Build/Cesium/Cesium.js:85
[ 1707825ms] [LOG] An error occurred in "": Failed to obtain terrain tile X: 131 Y: 61 Level: 7. Error message: "undefined" @ https://cesium.com/downloads/cesiumjs/releases/1.120/Build/Cesium/Cesium.js:85
[ 1708016ms] [LOG] An error occurred in "": Failed to obtain terrain tile X: 132 Y: 61 Level: 7. Error message: "undefined" @ https://cesium.com/downloads/cesiumjs/releases/1.120/Build/Cesium/Cesium.js:85
[ 1708080ms] [LOG] An error occurred in "": Failed to obtain terrain tile X: 264 Y: 124 Level: 8. Error message: "undefined" @ https://cesium.com/downloads/cesiumjs/releases/1.120/Build/Cesium/Cesium.js:85
[ 1708081ms] [LOG] An error occurred in "": Failed to obtain terrain tile X: 255 Y: 124 Level: 8. Error message: "undefined" @ https://cesium.com/downloads/cesiumjs/releases/1.120/Build/Cesium/Cesium.js:85
[ 1708081ms] [LOG] An error occurred in "": Failed to obtain terrain tile X: 255 Y: 126 Level: 8. Error message: "undefined" @ https://cesium.com/downloads/cesiumjs/releases/1.120/Build/Cesium/Cesium.js:85
[ 1708082ms] [LOG] An error occurred in "": Failed to obtain terrain tile X: 255 Y: 127 Level: 8. Error message: "undefined" @ https://cesium.com/downloads/cesiumjs/releases/1.120/Build/Cesium/Cesium.js:85
[ 1708083ms] [LOG] An error occurred in "": Failed to obtain terrain tile X: 264 Y: 127 Level: 8. Error message: "undefined" @ https://cesium.com/downloads/cesiumjs/releases/1.120/Build/Cesium/Cesium.js:85
[ 1708084ms] [LOG] An error occurred in "": Failed to obtain terrain tile X: 264 Y: 125 Level: 8. Error message: "undefined" @ https://cesium.com/downloads/cesiumjs/releases/1.120/Build/Cesium/Cesium.js:85
[ 1708084ms] [LOG] An error occurred in "": Failed to obtain terrain tile X: 265 Y: 126 Level: 8. Error message: "undefined" @ https://cesium.com/downloads/cesiumjs/releases/1.120/Build/Cesium/Cesium.js:85
[ 1708085ms] [LOG] An error occurred in "": Failed to obtain terrain tile X: 265 Y: 127 Level: 8. Error message: "undefined" @ https://cesium.com/downloads/cesiumjs/releases/1.120/Build/Cesium/Cesium.js:85
[ 1708085ms] [LOG] An error occurred in "": Failed to obtain terrain tile X: 264 Y: 128 Level: 8. Error message: "undefined" @ https://cesium.com/downloads/cesiumjs/releases/1.120/Build/Cesium/Cesium.js:85
[ 1708087ms] [LOG] An error occurred in "": Failed to obtain terrain tile X: 265 Y: 125 Level: 8. Error message: "undefined" @ https://cesium.com/downloads/cesiumjs/releases/1.120/Build/Cesium/Cesium.js:85
[ 1708088ms] [LOG] An error occurred in "": Failed to obtain terrain tile X: 255 Y: 125 Level: 8. Error message: "undefined" @ https://cesium.com/downloads/cesiumjs/releases/1.120/Build/Cesium/Cesium.js:85
[ 1708089ms] [LOG] An error occurred in "": Failed to obtain terrain tile X: 264 Y: 126 Level: 8. Error message: "undefined" @ https://cesium.com/downloads/cesiumjs/releases/1.120/Build/Cesium/Cesium.js:85
[ 1708157ms] [LOG] An error occurred in "": Failed to obtain terrain tile X: 265 Y: 124 Level: 8. Error message: "undefined" @ https://cesium.com/downloads/cesiumjs/releases/1.120/Build/Cesium/Cesium.js:85
[ 1708160ms] [LOG] An error occurred in "": Failed to obtain terrain tile X: 255 Y: 128 Level: 8. Error message: "undefined" @ https://cesium.com/downloads/cesiumjs/releases/1.120/Build/Cesium/Cesium.js:85
[ 1708162ms] [LOG] An error occurred in "": Failed to obtain terrain tile X: 265 Y: 128 Level: 8. Error message: "undefined" @ https://cesium.com/downloads/cesiumjs/releases/1.120/Build/Cesium/Cesium.js:85
[ 1708525ms] [LOG] An error occurred in "": Failed to obtain terrain tile X: 517 Y: 254 Level: 9. Error message: "undefined" @ https://cesium.com/downloads/cesiumjs/releases/1.120/Build/Cesium/Cesium.js:85
[ 1708527ms] [LOG] An error occurred in "": Failed to obtain terrain tile X: 518 Y: 255 Level: 9. Error message: "undefined" @ https://cesium.com/downloads/cesiumjs/releases/1.120/Build/Cesium/Cesium.js:85
[ 1708577ms] [LOG] An error occurred in "": Failed to obtain terrain tile X: 519 Y: 251 Level: 9. Error message: "undefined" @ https://cesium.com/downloads/cesiumjs/releases/1.120/Build/Cesium/Cesium.js:85
[ 1708579ms] [LOG] An error occurred in "": Failed to obtain terrain tile X: 518 Y: 254 Level: 9. Error message: "undefined" @ https://cesium.com/downloads/cesiumjs/releases/1.120/Build/Cesium/Cesium.js:85
[ 1708581ms] [LOG] An error occurred in "": Failed to obtain terrain tile X: 519 Y: 253 Level: 9. Error message: "undefined" @ https://cesium.com/downloads/cesiumjs/releases/1.120/Build/Cesium/Cesium.js:85
[ 1708584ms] [LOG] An error occurred in "": Failed to obtain terrain tile X: 518 Y: 252 Level: 9. Error message: "undefined" @ https://cesium.com/downloads/cesiumjs/releases/1.120/Build/Cesium/Cesium.js:85
[ 1708587ms] [LOG] An error occurred in "": Failed to obtain terrain tile X: 518 Y: 253 Level: 9. Error message: "undefined" @ https://cesium.com/downloads/cesiumjs/releases/1.120/Build/Cesium/Cesium.js:85
[ 1708588ms] [LOG] An error occurred in "": Failed to obtain terrain tile X: 519 Y: 252 Level: 9. Error message: "undefined" @ https://cesium.com/downloads/cesiumjs/releases/1.120/Build/Cesium/Cesium.js:85
[ 1708589ms] [LOG] An error occurred in "": Failed to obtain terrain tile X: 519 Y: 254 Level: 9. Error message: "undefined" @ https://cesium.com/downloads/cesiumjs/releases/1.120/Build/Cesium/Cesium.js:85
[ 1708643ms] [LOG] An error occurred in "": Failed to obtain terrain tile X: 515 Y: 253 Level: 9. Error message: "undefined" @ https://cesium.com/downloads/cesiumjs/releases/1.120/Build/Cesium/Cesium.js:85
[ 1708644ms] [LOG] An error occurred in "": Failed to obtain terrain tile X: 515 Y: 254 Level: 9. Error message: "undefined" @ https://cesium.com/downloads/cesiumjs/releases/1.120/Build/Cesium/Cesium.js:85
[ 1708645ms] [LOG] An error occurred in "": Failed to obtain terrain tile X: 517 Y: 252 Level: 9. Error message: "undefined" @ https://cesium.com/downloads/cesiumjs/releases/1.120/Build/Cesium/Cesium.js:85
[ 1708648ms] [LOG] An error occurred in "": Failed to obtain terrain tile X: 517 Y: 255 Level: 9. Error message: "undefined" @ https://cesium.com/downloads/cesiumjs/releases/1.120/Build/Cesium/Cesium.js:85
[ 1708649ms] [LOG] An error occurred in "": Failed to obtain terrain tile X: 516 Y: 253 Level: 9. Error message: "undefined" @ https://cesium.com/downloads/cesiumjs/releases/1.120/Build/Cesium/Cesium.js:85
[ 1708650ms] [LOG] An error occurred in "": Failed to obtain terrain tile X: 520 Y: 254 Level: 9. Error message: "undefined" @ https://cesium.com/downloads/cesiumjs/releases/1.120/Build/Cesium/Cesium.js:85
[ 1708651ms] [LOG] An error occurred in "": Failed to obtain terrain tile X: 521 Y: 254 Level: 9. Error message: "undefined" @ https://cesium.com/downloads/cesiumjs/releases/1.120/Build/Cesium/Cesium.js:85
[ 1708652ms] [LOG] An error occurred in "": Failed to obtain terrain tile X: 520 Y: 252 Level: 9. Error message: "undefined" @ https://cesium.com/downloads/cesiumjs/releases/1.120/Build/Cesium/Cesium.js:85
[ 1708652ms] [LOG] An error occurred in "": Failed to obtain terrain tile X: 519 Y: 255 Level: 9. Error message: "undefined" @ https://cesium.com/downloads/cesiumjs/releases/1.120/Build/Cesium/Cesium.js:85
[ 1708653ms] [LOG] An error occurred in "": Failed to obtain terrain tile X: 517 Y: 251 Level: 9. Error message: "undefined" @ https://cesium.com/downloads/cesiumjs/releases/1.120/Build/Cesium/Cesium.js:85
[ 1708655ms] [LOG] An error occurred in "": Failed to obtain terrain tile X: 516 Y: 254 Level: 9. Error message: "undefined" @ https://cesium.com/downloads/cesiumjs/releases/1.120/Build/Cesium/Cesium.js:85
[ 1708656ms] [LOG] An error occurred in "": Failed to obtain terrain tile X: 517 Y: 253 Level: 9. Error message: "undefined" @ https://cesium.com/downloads/cesiumjs/releases/1.120/Build/Cesium/Cesium.js:85
[ 1708657ms] [LOG] An error occurred in "": Failed to obtain terrain tile X: 521 Y: 253 Level: 9. Error message: "undefined" @ https://cesium.com/downloads/cesiumjs/releases/1.120/Build/Cesium/Cesium.js:85
[ 1708658ms] [LOG] An error occurred in "": Failed to obtain terrain tile X: 520 Y: 255 Level: 9. Error message: "undefined" @ https://cesium.com/downloads/cesiumjs/releases/1.120/Build/Cesium/Cesium.js:85
[ 1708658ms] [LOG] An error occurred in "": Failed to obtain terrain tile X: 516 Y: 252 Level: 9. Error message: "undefined" @ https://cesium.com/downloads/cesiumjs/releases/1.120/Build/Cesium/Cesium.js:85
[ 1708659ms] [LOG] An error occurred in "": Failed to obtain terrain tile X: 520 Y: 253 Level: 9. Error message: "undefined" @ https://cesium.com/downloads/cesiumjs/releases/1.120/Build/Cesium/Cesium.js:85
[ 1708660ms] [LOG] An error occurred in "": Failed to obtain terrain tile X: 521 Y: 255 Level: 9. Error message: "undefined" @ https://cesium.com/downloads/cesiumjs/releases/1.120/Build/Cesium/Cesium.js:85
[ 1708661ms] [LOG] An error occurred in "": Failed to obtain terrain tile X: 516 Y: 251 Level: 9. Error message: "undefined" @ https://cesium.com/downloads/cesiumjs/releases/1.120/Build/Cesium/Cesium.js:85
[ 1708662ms] [LOG] An error occurred in "": Failed to obtain terrain tile X: 522 Y: 253 Level: 9. Error message: "undefined" @ https://cesium.com/downloads/cesiumjs/releases/1.120/Build/Cesium/Cesium.js:85
[ 1708692ms] [LOG] An error occurred in "": Failed to obtain terrain tile X: 521 Y: 251 Level: 9. Error message: "undefined" @ https://cesium.com/downloads/cesiumjs/releases/1.120/Build/Cesium/Cesium.js:85
[ 1708736ms] [LOG] An error occurred in "": Failed to obtain terrain tile X: 515 Y: 255 Level: 9. Error message: "undefined" @ https://cesium.com/downloads/cesiumjs/releases/1.120/Build/Cesium/Cesium.js:85
[ 1708739ms] [LOG] An error occurred in "": Failed to obtain terrain tile X: 521 Y: 252 Level: 9. Error message: "undefined" @ https://cesium.com/downloads/cesiumjs/releases/1.120/Build/Cesium/Cesium.js:85
[ 1708740ms] [LOG] An error occurred in "": Failed to obtain terrain tile X: 520 Y: 251 Level: 9. Error message: "undefined" @ https://cesium.com/downloads/cesiumjs/releases/1.120/Build/Cesium/Cesium.js:85
[ 1708742ms] [LOG] An error occurred in "": Failed to obtain terrain tile X: 516 Y: 255 Level: 9. Error message: "undefined" @ https://cesium.com/downloads/cesiumjs/releases/1.120/Build/Cesium/Cesium.js:85
[ 1708743ms] [LOG] An error occurred in "": Failed to obtain terrain tile X: 518 Y: 251 Level: 9. Error message: "undefined" @ https://cesium.com/downloads/cesiumjs/releases/1.120/Build/Cesium/Cesium.js:85
[ 1708781ms] [LOG] An error occurred in "": Failed to obtain terrain tile X: 522 Y: 254 Level: 9. Error message: "undefined" @ https://cesium.com/downloads/cesiumjs/releases/1.120/Build/Cesium/Cesium.js:85
[ 1708782ms] [LOG] An error occurred in "": Failed to obtain terrain tile X: 522 Y: 252 Level: 9. Error message: "undefined" @ https://cesium.com/downloads/cesiumjs/releases/1.120/Build/Cesium/Cesium.js:85
[ 1708783ms] [LOG] An error occurred in "": Failed to obtain terrain tile X: 515 Y: 252 Level: 9. Error message: "undefined" @ https://cesium.com/downloads/cesiumjs/releases/1.120/Build/Cesium/Cesium.js:85
[ 1708820ms] [LOG] An error occurred in "": Failed to obtain terrain tile X: 514 Y: 251 Level: 9. Error message: "undefined" @ https://cesium.com/downloads/cesiumjs/releases/1.120/Build/Cesium/Cesium.js:85
[ 1708820ms] [LOG] An error occurred in "": Failed to obtain terrain tile X: 523 Y: 255 Level: 9. Error message: "undefined" @ https://cesium.com/downloads/cesiumjs/releases/1.120/Build/Cesium/Cesium.js:85
[ 1708821ms] [LOG] An error occurred in "": Failed to obtain terrain tile X: 522 Y: 255 Level: 9. Error message: "undefined" @ https://cesium.com/downloads/cesiumjs/releases/1.120/Build/Cesium/Cesium.js:85
[ 1708866ms] [LOG] An error occurred in "": Failed to obtain terrain tile X: 522 Y: 251 Level: 9. Error message: "undefined" @ https://cesium.com/downloads/cesiumjs/releases/1.120/Build/Cesium/Cesium.js:85
[ 1708868ms] [LOG] An error occurred in "": Failed to obtain terrain tile X: 515 Y: 251 Level: 9. Error message: "undefined" @ https://cesium.com/downloads/cesiumjs/releases/1.120/Build/Cesium/Cesium.js:85
[ 1708869ms] [LOG] An error occurred in "": Failed to obtain terrain tile X: 523 Y: 252 Level: 9. Error message: "undefined" @ https://cesium.com/downloads/cesiumjs/releases/1.120/Build/Cesium/Cesium.js:85
[ 1708871ms] [LOG] An error occurred in "": Failed to obtain terrain tile X: 514 Y: 254 Level: 9. Error message: "undefined" @ https://cesium.com/downloads/cesiumjs/releases/1.120/Build/Cesium/Cesium.js:85
[ 1708872ms] [LOG] An error occurred in "": Failed to obtain terrain tile X: 523 Y: 251 Level: 9. Error message: "undefined" @ https://cesium.com/downloads/cesiumjs/releases/1.120/Build/Cesium/Cesium.js:85
[ 1708873ms] [LOG] An error occurred in "": Failed to obtain terrain tile X: 523 Y: 254 Level: 9. Error message: "undefined" @ https://cesium.com/downloads/cesiumjs/releases/1.120/Build/Cesium/Cesium.js:85
[ 1708873ms] [LOG] An error occurred in "": Failed to obtain terrain tile X: 514 Y: 253 Level: 9. Error message: "undefined" @ https://cesium.com/downloads/cesiumjs/releases/1.120/Build/Cesium/Cesium.js:85
[ 1708916ms] [LOG] An error occurred in "": Failed to obtain terrain tile X: 514 Y: 252 Level: 9. Error message: "undefined" @ https://cesium.com/downloads/cesiumjs/releases/1.120/Build/Cesium/Cesium.js:85
[ 1708918ms] [LOG] An error occurred in "": Failed to obtain terrain tile X: 514 Y: 255 Level: 9. Error message: "undefined" @ https://cesium.com/downloads/cesiumjs/releases/1.120/Build/Cesium/Cesium.js:85
[ 1708919ms] [LOG] An error occurred in "": Failed to obtain terrain tile X: 523 Y: 253 Level: 9. Error message: "undefined" @ https://cesium.com/downloads/cesiumjs/releases/1.120/Build/Cesium/Cesium.js:85
[ 1709302ms] [LOG] An error occurred in "": Failed to obtain terrain tile X: 1037 Y: 508 Level: 10. Error message: "undefined" @ https://cesium.com/downloads/cesiumjs/releases/1.120/Build/Cesium/Cesium.js:85
[ 1709303ms] [LOG] An error occurred in "": Failed to obtain terrain tile X: 1038 Y: 509 Level: 10. Error message: "undefined" @ https://cesium.com/downloads/cesiumjs/releases/1.120/Build/Cesium/Cesium.js:85
[ 1709376ms] [LOG] An error occurred in "": Failed to obtain terrain tile X: 1038 Y: 510 Level: 10. Error message: "undefined" @ https://cesium.com/downloads/cesiumjs/releases/1.120/Build/Cesium/Cesium.js:85
[ 1709473ms] [LOG] An error occurred in "": Failed to obtain terrain tile X: 522 Y: 255 Level: 9. Error message: "undefined" @ https://cesium.com/downloads/cesiumjs/releases/1.120/Build/Cesium/Cesium.js:85
[ 1709475ms] [LOG] An error occurred in "": Failed to obtain terrain tile X: 522 Y: 252 Level: 9. Error message: "undefined" @ https://cesium.com/downloads/cesiumjs/releases/1.120/Build/Cesium/Cesium.js:85
[ 1709476ms] [LOG] An error occurred in "": Failed to obtain terrain tile X: 1035 Y: 506 Level: 10. Error message: "undefined" @ https://cesium.com/downloads/cesiumjs/releases/1.120/Build/Cesium/Cesium.js:85
[ 1709477ms] [LOG] An error occurred in "": Failed to obtain terrain tile X: 1035 Y: 507 Level: 10. Error message: "undefined" @ https://cesium.com/downloads/cesiumjs/releases/1.120/Build/Cesium/Cesium.js:85
[ 1709477ms] [LOG] An error occurred in "": Failed to obtain terrain tile X: 1036 Y: 508 Level: 10. Error message: "undefined" @ https://cesium.com/downloads/cesiumjs/releases/1.120/Build/Cesium/Cesium.js:85
[ 1709478ms] [LOG] An error occurred in "": Failed to obtain terrain tile X: 1037 Y: 506 Level: 10. Error message: "undefined" @ https://cesium.com/downloads/cesiumjs/releases/1.120/Build/Cesium/Cesium.js:85
[ 1709479ms] [LOG] An error occurred in "": Failed to obtain terrain tile X: 1036 Y: 509 Level: 10. Error message: "undefined" @ https://cesium.com/downloads/cesiumjs/releases/1.120/Build/Cesium/Cesium.js:85
[ 1709479ms] [LOG] An error occurred in "": Failed to obtain terrain tile X: 1037 Y: 509 Level: 10. Error message: "undefined" @ https://cesium.com/downloads/cesiumjs/releases/1.120/Build/Cesium/Cesium.js:85
[ 1709480ms] [LOG] An error occurred in "": Failed to obtain terrain tile X: 1037 Y: 507 Level: 10. Error message: "undefined" @ https://cesium.com/downloads/cesiumjs/releases/1.120/Build/Cesium/Cesium.js:85
[ 1709480ms] [LOG] An error occurred in "": Failed to obtain terrain tile X: 1035 Y: 510 Level: 10. Error message: "undefined" @ https://cesium.com/downloads/cesiumjs/releases/1.120/Build/Cesium/Cesium.js:85
[ 1709481ms] [LOG] An error occurred in "": Failed to obtain terrain tile X: 1036 Y: 510 Level: 10. Error message: "undefined" @ https://cesium.com/downloads/cesiumjs/releases/1.120/Build/Cesium/Cesium.js:85
[ 1709481ms] [LOG] An error occurred in "": Failed to obtain terrain tile X: 1036 Y: 507 Level: 10. Error message: "undefined" @ https://cesium.com/downloads/cesiumjs/releases/1.120/Build/Cesium/Cesium.js:85
[ 1709482ms] [LOG] An error occurred in "": Failed to obtain terrain tile X: 1035 Y: 508 Level: 10. Error message: "undefined" @ https://cesium.com/downloads/cesiumjs/releases/1.120/Build/Cesium/Cesium.js:85
[ 1709483ms] [LOG] An error occurred in "": Failed to obtain terrain tile X: 1038 Y: 508 Level: 10. Error message: "undefined" @ https://cesium.com/downloads/cesiumjs/releases/1.120/Build/Cesium/Cesium.js:85
[ 1709485ms] [LOG] An error occurred in "": Failed to obtain terrain tile X: 1034 Y: 508 Level: 10. Error message: "undefined" @ https://cesium.com/downloads/cesiumjs/releases/1.120/Build/Cesium/Cesium.js:85
[ 1709530ms] [LOG] An error occurred in "": Failed to obtain terrain tile X: 1035 Y: 509 Level: 10. Error message: "undefined" @ https://cesium.com/downloads/cesiumjs/releases/1.120/Build/Cesium/Cesium.js:85
[ 1709531ms] [LOG] An error occurred in "": Failed to obtain terrain tile X: 1037 Y: 510 Level: 10. Error message: "undefined" @ https://cesium.com/downloads/cesiumjs/releases/1.120/Build/Cesium/Cesium.js:85
[ 1709531ms] [LOG] An error occurred in "": Failed to obtain terrain tile X: 518 Y: 251 Level: 9. Error message: "undefined" @ https://cesium.com/downloads/cesiumjs/releases/1.120/Build/Cesium/Cesium.js:85
[ 1709532ms] [LOG] An error occurred in "": Failed to obtain terrain tile X: 522 Y: 253 Level: 9. Error message: "undefined" @ https://cesium.com/downloads/cesiumjs/releases/1.120/Build/Cesium/Cesium.js:85
[ 1709532ms] [LOG] An error occurred in "": Failed to obtain terrain tile X: 522 Y: 254 Level: 9. Error message: "undefined" @ https://cesium.com/downloads/cesiumjs/releases/1.120/Build/Cesium/Cesium.js:85
[ 1709533ms] [LOG] An error occurred in "": Failed to obtain terrain tile X: 1039 Y: 508 Level: 10. Error message: "undefined" @ https://cesium.com/downloads/cesiumjs/releases/1.120/Build/Cesium/Cesium.js:85
[ 1709533ms] [LOG] An error occurred in "": Failed to obtain terrain tile X: 1036 Y: 506 Level: 10. Error message: "undefined" @ https://cesium.com/downloads/cesiumjs/releases/1.120/Build/Cesium/Cesium.js:85
[ 1709534ms] [LOG] An error occurred in "": Failed to obtain terrain tile X: 1038 Y: 506 Level: 10. Error message: "undefined" @ https://cesium.com/downloads/cesiumjs/releases/1.120/Build/Cesium/Cesium.js:85
[ 1709534ms] [LOG] An error occurred in "": Failed to obtain terrain tile X: 521 Y: 251 Level: 9. Error message: "undefined" @ https://cesium.com/downloads/cesiumjs/releases/1.120/Build/Cesium/Cesium.js:85
[ 1709534ms] [LOG] An error occurred in "": Failed to obtain terrain tile X: 515 Y: 251 Level: 9. Error message: "undefined" @ https://cesium.com/downloads/cesiumjs/releases/1.120/Build/Cesium/Cesium.js:85
[ 1709535ms] [LOG] An error occurred in "": Failed to obtain terrain tile X: 522 Y: 251 Level: 9. Error message: "undefined" @ https://cesium.com/downloads/cesiumjs/releases/1.120/Build/Cesium/Cesium.js:85
[ 1709535ms] [LOG] An error occurred in "": Failed to obtain terrain tile X: 523 Y: 253 Level: 9. Error message: "undefined" @ https://cesium.com/downloads/cesiumjs/releases/1.120/Build/Cesium/Cesium.js:85
[ 1709592ms] [LOG] An error occurred in "": Failed to obtain terrain tile X: 523 Y: 254 Level: 9. Error message: "undefined" @ https://cesium.com/downloads/cesiumjs/releases/1.120/Build/Cesium/Cesium.js:85
[ 1709595ms] [LOG] An error occurred in "": Failed to obtain terrain tile X: 519 Y: 251 Level: 9. Error message: "undefined" @ https://cesium.com/downloads/cesiumjs/releases/1.120/Build/Cesium/Cesium.js:85
[ 1709595ms] [LOG] An error occurred in "": Failed to obtain terrain tile X: 517 Y: 251 Level: 9. Error message: "undefined" @ https://cesium.com/downloads/cesiumjs/releases/1.120/Build/Cesium/Cesium.js:85
[ 1709596ms] [LOG] An error occurred in "": Failed to obtain terrain tile X: 520 Y: 251 Level: 9. Error message: "undefined" @ https://cesium.com/downloads/cesiumjs/releases/1.120/Build/Cesium/Cesium.js:85
[ 1709596ms] [LOG] An error occurred in "": Failed to obtain terrain tile X: 1038 Y: 507 Level: 10. Error message: "undefined" @ https://cesium.com/downloads/cesiumjs/releases/1.120/Build/Cesium/Cesium.js:85
[ 1709596ms] [LOG] An error occurred in "": Failed to obtain terrain tile X: 260 Y: 125 Level: 8. Error message: "undefined" @ https://cesium.com/downloads/cesiumjs/releases/1.120/Build/Cesium/Cesium.js:85
[ 1709597ms] [LOG] An error occurred in "": Failed to obtain terrain tile X: 257 Y: 125 Level: 8. Error message: "undefined" @ https://cesium.com/downloads/cesiumjs/releases/1.120/Build/Cesium/Cesium.js:85
[ 1709654ms] [LOG] An error occurred in "": Failed to obtain terrain tile X: 523 Y: 252 Level: 9. Error message: "undefined" @ https://cesium.com/downloads/cesiumjs/releases/1.120/Build/Cesium/Cesium.js:85
[ 1709657ms] [LOG] An error occurred in "": Failed to obtain terrain tile X: 516 Y: 251 Level: 9. Error message: "undefined" @ https://cesium.com/downloads/cesiumjs/releases/1.120/Build/Cesium/Cesium.js:85
[ 1709659ms] [LOG] An error occurred in "": Failed to obtain terrain tile X: 516 Y: 256 Level: 9. Error message: "undefined" @ https://cesium.com/downloads/cesiumjs/releases/1.120/Build/Cesium/Cesium.js:85
[ 1709662ms] [LOG] An error occurred in "": Failed to obtain terrain tile X: 520 Y: 256 Level: 9. Error message: "undefined" @ https://cesium.com/downloads/cesiumjs/releases/1.120/Build/Cesium/Cesium.js:85
[ 1709704ms] [LOG] An error occurred in "": Failed to obtain terrain tile X: 259 Y: 125 Level: 8. Error message: "undefined" @ https://cesium.com/downloads/cesiumjs/releases/1.120/Build/Cesium/Cesium.js:85
[ 1709705ms] [LOG] An error occurred in "": Failed to obtain terrain tile X: 261 Y: 125 Level: 8. Error message: "undefined" @ https://cesium.com/downloads/cesiumjs/releases/1.120/Build/Cesium/Cesium.js:85
[ 1709706ms] [LOG] An error occurred in "": Failed to obtain terrain tile X: 515 Y: 256 Level: 9. Error message: "undefined" @ https://cesium.com/downloads/cesiumjs/releases/1.120/Build/Cesium/Cesium.js:85
[ 1709707ms] [LOG] An error occurred in "": Failed to obtain terrain tile X: 518 Y: 256 Level: 9. Error message: "undefined" @ https://cesium.com/downloads/cesiumjs/releases/1.120/Build/Cesium/Cesium.js:85
[ 1709710ms] [LOG] An error occurred in "": Failed to obtain terrain tile X: 521 Y: 256 Level: 9. Error message: "undefined" @ https://cesium.com/downloads/cesiumjs/releases/1.120/Build/Cesium/Cesium.js:85
[ 1709712ms] [LOG] An error occurred in "": Failed to obtain terrain tile X: 522 Y: 256 Level: 9. Error message: "undefined" @ https://cesium.com/downloads/cesiumjs/releases/1.120/Build/Cesium/Cesium.js:85
[ 1709713ms] [LOG] An error occurred in "": Failed to obtain terrain tile X: 517 Y: 256 Level: 9. Error message: "undefined" @ https://cesium.com/downloads/cesiumjs/releases/1.120/Build/Cesium/Cesium.js:85
[ 1709714ms] [LOG] An error occurred in "": Failed to obtain terrain tile X: 514 Y: 251 Level: 9. Error message: "undefined" @ https://cesium.com/downloads/cesiumjs/releases/1.120/Build/Cesium/Cesium.js:85
[ 1709746ms] [LOG] An error occurred in "": Failed to obtain terrain tile X: 262 Y: 125 Level: 8. Error message: "undefined" @ https://cesium.com/downloads/cesiumjs/releases/1.120/Build/Cesium/Cesium.js:85
[ 1709746ms] [LOG] An error occurred in "": Failed to obtain terrain tile X: 262 Y: 128 Level: 8. Error message: "undefined" @ https://cesium.com/downloads/cesiumjs/releases/1.120/Build/Cesium/Cesium.js:85
[ 1709747ms] [LOG] An error occurred in "": Failed to obtain terrain tile X: 258 Y: 125 Level: 8. Error message: "undefined" @ https://cesium.com/downloads/cesiumjs/releases/1.120/Build/Cesium/Cesium.js:85
[ 1709802ms] [LOG] An error occurred in "": Failed to obtain terrain tile X: 257 Y: 128 Level: 8. Error message: "undefined" @ https://cesium.com/downloads/cesiumjs/releases/1.120/Build/Cesium/Cesium.js:85
[ 1709803ms] [LOG] An error occurred in "": Failed to obtain terrain tile X: 259 Y: 128 Level: 8. Error message: "undefined" @ https://cesium.com/downloads/cesiumjs/releases/1.120/Build/Cesium/Cesium.js:85
[ 1709804ms] [LOG] An error occurred in "": Failed to obtain terrain tile X: 128 Y: 64 Level: 7. Error message: "undefined" @ https://cesium.com/downloads/cesiumjs/releases/1.120/Build/Cesium/Cesium.js:85
[ 1709806ms] [LOG] An error occurred in "": Failed to obtain terrain tile X: 256 Y: 128 Level: 8. Error message: "undefined" @ https://cesium.com/downloads/cesiumjs/releases/1.120/Build/Cesium/Cesium.js:85
[ 1709807ms] [LOG] An error occurred in "": Failed to obtain terrain tile X: 260 Y: 128 Level: 8. Error message: "undefined" @ https://cesium.com/downloads/cesiumjs/releases/1.120/Build/Cesium/Cesium.js:85
[ 1709808ms] [LOG] An error occurred in "": Failed to obtain terrain tile X: 261 Y: 128 Level: 8. Error message: "undefined" @ https://cesium.com/downloads/cesiumjs/releases/1.120/Build/Cesium/Cesium.js:85
[ 1709808ms] [LOG] An error occurred in "": Failed to obtain terrain tile X: 258 Y: 128 Level: 8. Error message: "undefined" @ https://cesium.com/downloads/cesiumjs/releases/1.120/Build/Cesium/Cesium.js:85
[ 1709809ms] [LOG] An error occurred in "": Failed to obtain terrain tile X: 131 Y: 64 Level: 7. Error message: "undefined" @ https://cesium.com/downloads/cesiumjs/releases/1.120/Build/Cesium/Cesium.js:85
[ 1709809ms] [LOG] An error occurred in "": Failed to obtain terrain tile X: 64 Y: 32 Level: 6. Error message: "undefined" @ https://cesium.com/downloads/cesiumjs/releases/1.120/Build/Cesium/Cesium.js:85
[ 1709810ms] [LOG] An error occurred in "": Failed to obtain terrain tile X: 262 Y: 126 Level: 8. Error message: "undefined" @ https://cesium.com/downloads/cesiumjs/releases/1.120/Build/Cesium/Cesium.js:85
[ 1709811ms] [LOG] An error occurred in "": Failed to obtain terrain tile X: 130 Y: 64 Level: 7. Error message: "undefined" @ https://cesium.com/downloads/cesiumjs/releases/1.120/Build/Cesium/Cesium.js:85
[ 1709844ms] [LOG] An error occurred in "": Failed to obtain terrain tile X: 262 Y: 127 Level: 8. Error message: "undefined" @ https://cesium.com/downloads/cesiumjs/releases/1.120/Build/Cesium/Cesium.js:85
[ 1709846ms] [LOG] An error occurred in "": Failed to obtain terrain tile X: 129 Y: 64 Level: 7. Error message: "undefined" @ https://cesium.com/downloads/cesiumjs/releases/1.120/Build/Cesium/Cesium.js:85
[ 1709847ms] [LOG] An error occurred in "": Failed to obtain terrain tile X: 255 Y: 126 Level: 8. Error message: "undefined" @ https://cesium.com/downloads/cesiumjs/releases/1.120/Build/Cesium/Cesium.js:85
[ 1709892ms] [LOG] An error occurred in "": Failed to obtain terrain tile X: 255 Y: 127 Level: 8. Error message: "undefined" @ https://cesium.com/downloads/cesiumjs/releases/1.120/Build/Cesium/Cesium.js:85
[ 1709893ms] [LOG] An error occurred in "": Failed to obtain terrain tile X: 255 Y: 125 Level: 8. Error message: "undefined" @ https://cesium.com/downloads/cesiumjs/releases/1.120/Build/Cesium/Cesium.js:85
[ 1709897ms] [LOG] An error occurred in "": Failed to obtain terrain tile X: 65 Y: 32 Level: 6. Error message: "undefined" @ https://cesium.com/downloads/cesiumjs/releases/1.120/Build/Cesium/Cesium.js:85
[ 1709897ms] [LOG] An error occurred in "": Failed to obtain terrain tile X: 256 Y: 125 Level: 8. Error message: "undefined" @ https://cesium.com/downloads/cesiumjs/releases/1.120/Build/Cesium/Cesium.js:85
[ 1709945ms] [LOG] An error occurred in "": Failed to obtain terrain tile X: 31 Y: 16 Level: 5. Error message: "undefined" @ https://cesium.com/downloads/cesiumjs/releases/1.120/Build/Cesium/Cesium.js:85
[ 1709945ms] [LOG] An error occurred in "": Failed to obtain terrain tile X: 257 Y: 124 Level: 8. Error message: "undefined" @ https://cesium.com/downloads/cesiumjs/releases/1.120/Build/Cesium/Cesium.js:85
[ 1710002ms] [LOG] An error occurred in "": Failed to obtain terrain tile X: 263 Y: 125 Level: 8. Error message: "undefined" @ https://cesium.com/downloads/cesiumjs/releases/1.120/Build/Cesium/Cesium.js:85
[ 1710003ms] [LOG] An error occurred in "": Failed to obtain terrain tile X: 263 Y: 127 Level: 8. Error message: "undefined" @ https://cesium.com/downloads/cesiumjs/releases/1.120/Build/Cesium/Cesium.js:85
[ 1710007ms] [LOG] An error occurred in "": Failed to obtain terrain tile X: 260 Y: 124 Level: 8. Error message: "undefined" @ https://cesium.com/downloads/cesiumjs/releases/1.120/Build/Cesium/Cesium.js:85
[ 1710007ms] [LOG] An error occurred in "": Failed to obtain terrain tile X: 262 Y: 124 Level: 8. Error message: "undefined" @ https://cesium.com/downloads/cesiumjs/releases/1.120/Build/Cesium/Cesium.js:85
[ 1710008ms] [LOG] An error occurred in "": Failed to obtain terrain tile X: 258 Y: 124 Level: 8. Error message: "undefined" @ https://cesium.com/downloads/cesiumjs/releases/1.120/Build/Cesium/Cesium.js:85
[ 1710010ms] [LOG] An error occurred in "": Failed to obtain terrain tile X: 263 Y: 128 Level: 8. Error message: "undefined" @ https://cesium.com/downloads/cesiumjs/releases/1.120/Build/Cesium/Cesium.js:85
[ 1710011ms] [LOG] An error occurred in "": Failed to obtain terrain tile X: 261 Y: 124 Level: 8. Error message: "undefined" @ https://cesium.com/downloads/cesiumjs/releases/1.120/Build/Cesium/Cesium.js:85
[ 1710013ms] [LOG] An error occurred in "": Failed to obtain terrain tile X: 259 Y: 124 Level: 8. Error message: "undefined" @ https://cesium.com/downloads/cesiumjs/releases/1.120/Build/Cesium/Cesium.js:85
[ 1710015ms] [LOG] An error occurred in "": Failed to obtain terrain tile X: 131 Y: 61 Level: 7. Error message: "undefined" @ https://cesium.com/downloads/cesiumjs/releases/1.120/Build/Cesium/Cesium.js:85
[ 1710016ms] [LOG] An error occurred in "": Failed to obtain terrain tile X: 66 Y: 32 Level: 6. Error message: "undefined" @ https://cesium.com/downloads/cesiumjs/releases/1.120/Build/Cesium/Cesium.js:85
[ 1710016ms] [LOG] An error occurred in "": Failed to obtain terrain tile X: 132 Y: 63 Level: 7. Error message: "undefined" @ https://cesium.com/downloads/cesiumjs/releases/1.120/Build/Cesium/Cesium.js:85
[ 1710017ms] [LOG] An error occurred in "": Failed to obtain terrain tile X: 63 Y: 32 Level: 6. Error message: "undefined" @ https://cesium.com/downloads/cesiumjs/releases/1.120/Build/Cesium/Cesium.js:85
[ 1710018ms] [LOG] An error occurred in "": Failed to obtain terrain tile X: 63 Y: 31 Level: 6. Error message: "undefined" @ https://cesium.com/downloads/cesiumjs/releases/1.120/Build/Cesium/Cesium.js:85
[ 1710018ms] [LOG] An error occurred in "": Failed to obtain terrain tile X: 128 Y: 61 Level: 7. Error message: "undefined" @ https://cesium.com/downloads/cesiumjs/releases/1.120/Build/Cesium/Cesium.js:85
[ 1710018ms] [LOG] An error occurred in "": Failed to obtain terrain tile X: 63 Y: 30 Level: 6. Error message: "undefined" @ https://cesium.com/downloads/cesiumjs/releases/1.120/Build/Cesium/Cesium.js:85
[ 1710019ms] [LOG] An error occurred in "": Failed to obtain terrain tile X: 66 Y: 30 Level: 6. Error message: "undefined" @ https://cesium.com/downloads/cesiumjs/releases/1.120/Build/Cesium/Cesium.js:85
[ 1710019ms] [LOG] An error occurred in "": Failed to obtain terrain tile X: 127 Y: 63 Level: 7. Error message: "undefined" @ https://cesium.com/downloads/cesiumjs/releases/1.120/Build/Cesium/Cesium.js:85
[ 1710020ms] [LOG] An error occurred in "": Failed to obtain terrain tile X: 127 Y: 62 Level: 7. Error message: "undefined" @ https://cesium.com/downloads/cesiumjs/releases/1.120/Build/Cesium/Cesium.js:85
[ 1710020ms] [LOG] An error occurred in "": Failed to obtain terrain tile X: 66 Y: 31 Level: 6. Error message: "undefined" @ https://cesium.com/downloads/cesiumjs/releases/1.120/Build/Cesium/Cesium.js:85
[ 1710020ms] [LOG] An error occurred in "": Failed to obtain terrain tile X: 132 Y: 62 Level: 7. Error message: "undefined" @ https://cesium.com/downloads/cesiumjs/releases/1.120/Build/Cesium/Cesium.js:85
[ 1710020ms] [LOG] An error occurred in "": Failed to obtain terrain tile X: 130 Y: 61 Level: 7. Error message: "undefined" @ https://cesium.com/downloads/cesiumjs/releases/1.120/Build/Cesium/Cesium.js:85
[ 1710021ms] [LOG] An error occurred in "": Failed to obtain terrain tile X: 129 Y: 61 Level: 7. Error message: "undefined" @ https://cesium.com/downloads/cesiumjs/releases/1.120/Build/Cesium/Cesium.js:85
[ 1710054ms] [LOG] An error occurred in "": Failed to obtain terrain tile X: 126 Y: 64 Level: 7. Error message: "undefined" @ https://cesium.com/downloads/cesiumjs/releases/1.120/Build/Cesium/Cesium.js:85
[ 1710054ms] [LOG] An error occurred in "": Failed to obtain terrain tile X: 127 Y: 64 Level: 7. Error message: "undefined" @ https://cesium.com/downloads/cesiumjs/releases/1.120/Build/Cesium/Cesium.js:85
[ 1710054ms] [LOG] An error occurred in "": Failed to obtain terrain tile X: 126 Y: 61 Level: 7. Error message: "undefined" @ https://cesium.com/downloads/cesiumjs/releases/1.120/Build/Cesium/Cesium.js:85
[ 1710055ms] [LOG] An error occurred in "": Failed to obtain terrain tile X: 519 Y: 256 Level: 9. Error message: "undefined" @ https://cesium.com/downloads/cesiumjs/releases/1.120/Build/Cesium/Cesium.js:85
[ 1710055ms] [LOG] An error occurred in "": Failed to obtain terrain tile X: 263 Y: 126 Level: 8. Error message: "undefined" @ https://cesium.com/downloads/cesiumjs/releases/1.120/Build/Cesium/Cesium.js:85
[ 1710056ms] [LOG] An error occurred in "": Failed to obtain terrain tile X: 256 Y: 124 Level: 8. Error message: "undefined" @ https://cesium.com/downloads/cesiumjs/releases/1.120/Build/Cesium/Cesium.js:85
[ 1710101ms] [LOG] An error occurred in "": Failed to obtain terrain tile X: 132 Y: 64 Level: 7. Error message: "undefined" @ https://cesium.com/downloads/cesiumjs/releases/1.120/Build/Cesium/Cesium.js:85
[ 1710103ms] [LOG] An error occurred in "": Failed to obtain terrain tile X: 126 Y: 63 Level: 7. Error message: "undefined" @ https://cesium.com/downloads/cesiumjs/releases/1.120/Build/Cesium/Cesium.js:85
[ 1710105ms] [LOG] An error occurred in "": Failed to obtain terrain tile X: 132 Y: 61 Level: 7. Error message: "undefined" @ https://cesium.com/downloads/cesiumjs/releases/1.120/Build/Cesium/Cesium.js:85
[ 1710106ms] [LOG] An error occurred in "": Failed to obtain terrain tile X: 127 Y: 61 Level: 7. Error message: "undefined" @ https://cesium.com/downloads/cesiumjs/releases/1.120/Build/Cesium/Cesium.js:85
[ 1710108ms] [LOG] An error occurred in "": Failed to obtain terrain tile X: 31 Y: 15 Level: 5. Error message: "undefined" @ https://cesium.com/downloads/cesiumjs/releases/1.120/Build/Cesium/Cesium.js:85
[ 1710109ms] [LOG] An error occurred in "": Failed to obtain terrain tile X: 126 Y: 62 Level: 7. Error message: "undefined" @ https://cesium.com/downloads/cesiumjs/releases/1.120/Build/Cesium/Cesium.js:85
[ 1710132ms] [LOG] An error occurred in "": Failed to obtain terrain tile X: 133 Y: 64 Level: 7. Error message: "undefined" @ https://cesium.com/downloads/cesiumjs/releases/1.120/Build/Cesium/Cesium.js:85
[ 1710276ms] [LOG] An error occurred in "": Failed to obtain terrain tile X: 131 Y: 60 Level: 7. Error message: "undefined" @ https://cesium.com/downloads/cesiumjs/releases/1.120/Build/Cesium/Cesium.js:85
[ 1710277ms] [LOG] An error occurred in "": Failed to obtain terrain tile X: 130 Y: 60 Level: 7. Error message: "undefined" @ https://cesium.com/downloads/cesiumjs/releases/1.120/Build/Cesium/Cesium.js:85
[ 1710277ms] [LOG] An error occurred in "": Failed to obtain terrain tile X: 133 Y: 60 Level: 7. Error message: "undefined" @ https://cesium.com/downloads/cesiumjs/releases/1.120/Build/Cesium/Cesium.js:85
[ 1710277ms] [LOG] An error occurred in "": Failed to obtain terrain tile X: 126 Y: 60 Level: 7. Error message: "undefined" @ https://cesium.com/downloads/cesiumjs/releases/1.120/Build/Cesium/Cesium.js:85
[ 1710277ms] [LOG] An error occurred in "": Failed to obtain terrain tile X: 129 Y: 60 Level: 7. Error message: "undefined" @ https://cesium.com/downloads/cesiumjs/releases/1.120/Build/Cesium/Cesium.js:85
[ 1710278ms] [LOG] An error occurred in "": Failed to obtain terrain tile X: 128 Y: 60 Level: 7. Error message: "undefined" @ https://cesium.com/downloads/cesiumjs/releases/1.120/Build/Cesium/Cesium.js:85
[ 1710278ms] [LOG] An error occurred in "": Failed to obtain terrain tile X: 127 Y: 60 Level: 7. Error message: "undefined" @ https://cesium.com/downloads/cesiumjs/releases/1.120/Build/Cesium/Cesium.js:85
[ 1710278ms] [LOG] An error occurred in "": Failed to obtain terrain tile X: 132 Y: 60 Level: 7. Error message: "undefined" @ https://cesium.com/downloads/cesiumjs/releases/1.120/Build/Cesium/Cesium.js:85
[ 1710331ms] [LOG] An error occurred in "": Failed to obtain terrain tile X: 62 Y: 31 Level: 6. Error message: "undefined" @ https://cesium.com/downloads/cesiumjs/releases/1.120/Build/Cesium/Cesium.js:85
[ 1710332ms] [LOG] An error occurred in "": Failed to obtain terrain tile X: 67 Y: 32 Level: 6. Error message: "undefined" @ https://cesium.com/downloads/cesiumjs/releases/1.120/Build/Cesium/Cesium.js:85
[ 1710332ms] [LOG] An error occurred in "": Failed to obtain terrain tile X: 135 Y: 62 Level: 7. Error message: "undefined" @ https://cesium.com/downloads/cesiumjs/releases/1.120/Build/Cesium/Cesium.js:85
[ 1710333ms] [LOG] An error occurred in "": Failed to obtain terrain tile X: 67 Y: 30 Level: 6. Error message: "undefined" @ https://cesium.com/downloads/cesiumjs/releases/1.120/Build/Cesium/Cesium.js:85
[ 1710333ms] [LOG] An error occurred in "": Failed to obtain terrain tile X: 134 Y: 62 Level: 7. Error message: "undefined" @ https://cesium.com/downloads/cesiumjs/releases/1.120/Build/Cesium/Cesium.js:85
[ 1710334ms] [LOG] An error occurred in "": Failed to obtain terrain tile X: 134 Y: 63 Level: 7. Error message: "undefined" @ https://cesium.com/downloads/cesiumjs/releases/1.120/Build/Cesium/Cesium.js:85
[ 1710335ms] [LOG] An error occurred in "": Failed to obtain terrain tile X: 62 Y: 30 Level: 6. Error message: "undefined" @ https://cesium.com/downloads/cesiumjs/releases/1.120/Build/Cesium/Cesium.js:85
[ 1710335ms] [LOG] An error occurred in "": Failed to obtain terrain tile X: 62 Y: 32 Level: 6. Error message: "undefined" @ https://cesium.com/downloads/cesiumjs/releases/1.120/Build/Cesium/Cesium.js:85
[ 1710373ms] [LOG] An error occurred in "": Failed to obtain terrain tile X: 135 Y: 63 Level: 7. Error message: "undefined" @ https://cesium.com/downloads/cesiumjs/releases/1.120/Build/Cesium/Cesium.js:85
[ 1710378ms] [LOG] An error occurred in "": Failed to obtain terrain tile X: 133 Y: 61 Level: 7. Error message: "undefined" @ https://cesium.com/downloads/cesiumjs/releases/1.120/Build/Cesium/Cesium.js:85
[ 1710378ms] [LOG] An error occurred in "": Failed to obtain terrain tile X: 133 Y: 62 Level: 7. Error message: "undefined" @ https://cesium.com/downloads/cesiumjs/releases/1.120/Build/Cesium/Cesium.js:85
[ 1710379ms] [LOG] An error occurred in "": Failed to obtain terrain tile X: 133 Y: 63 Level: 7. Error message: "undefined" @ https://cesium.com/downloads/cesiumjs/releases/1.120/Build/Cesium/Cesium.js:85
[ 1710379ms] [LOG] An error occurred in "": Failed to obtain terrain tile X: 62 Y: 29 Level: 6. Error message: "undefined" @ https://cesium.com/downloads/cesiumjs/releases/1.120/Build/Cesium/Cesium.js:85
[ 1710380ms] [LOG] An error occurred in "": Failed to obtain terrain tile X: 31 Y: 14 Level: 5. Error message: "undefined" @ https://cesium.com/downloads/cesiumjs/releases/1.120/Build/Cesium/Cesium.js:85
[ 1710380ms] [LOG] An error occurred in "": Failed to obtain terrain tile X: 67 Y: 31 Level: 6. Error message: "undefined" @ https://cesium.com/downloads/cesiumjs/releases/1.120/Build/Cesium/Cesium.js:85
[ 1710424ms] [LOG] An error occurred in "": Failed to obtain terrain tile X: 65 Y: 29 Level: 6. Error message: "undefined" @ https://cesium.com/downloads/cesiumjs/releases/1.120/Build/Cesium/Cesium.js:85
[ 1710426ms] [LOG] An error occurred in "": Failed to obtain terrain tile X: 66 Y: 29 Level: 6. Error message: "undefined" @ https://cesium.com/downloads/cesiumjs/releases/1.120/Build/Cesium/Cesium.js:85
[ 1710427ms] [LOG] An error occurred in "": Failed to obtain terrain tile X: 64 Y: 29 Level: 6. Error message: "undefined" @ https://cesium.com/downloads/cesiumjs/releases/1.120/Build/Cesium/Cesium.js:85
[ 1710465ms] [LOG] An error occurred in "": Failed to obtain terrain tile X: 68 Y: 32 Level: 6. Error message: "undefined" @ https://cesium.com/downloads/cesiumjs/releases/1.120/Build/Cesium/Cesium.js:85
[ 1710466ms] [LOG] An error occurred in "": Failed to obtain terrain tile X: 126 Y: 65 Level: 7. Error message: "undefined" @ https://cesium.com/downloads/cesiumjs/releases/1.120/Build/Cesium/Cesium.js:85
[ 1710467ms] [LOG] An error occurred in "": Failed to obtain terrain tile X: 68 Y: 29 Level: 6. Error message: "undefined" @ https://cesium.com/downloads/cesiumjs/releases/1.120/Build/Cesium/Cesium.js:85
[ 1710470ms] [LOG] An error occurred in "": Failed to obtain terrain tile X: 63 Y: 29 Level: 6. Error message: "undefined" @ https://cesium.com/downloads/cesiumjs/releases/1.120/Build/Cesium/Cesium.js:85
[ 1710477ms] [LOG] An error occurred in "": Failed to obtain terrain tile X: 133 Y: 65 Level: 7. Error message: "undefined" @ https://cesium.com/downloads/cesiumjs/releases/1.120/Build/Cesium/Cesium.js:85
[ 1710478ms] [LOG] An error occurred in "": Failed to obtain terrain tile X: 67 Y: 29 Level: 6. Error message: "undefined" @ https://cesium.com/downloads/cesiumjs/releases/1.120/Build/Cesium/Cesium.js:85
[ 1710479ms] [LOG] An error occurred in "": Failed to obtain terrain tile X: 30 Y: 14 Level: 5. Error message: "undefined" @ https://cesium.com/downloads/cesiumjs/releases/1.120/Build/Cesium/Cesium.js:85
[ 1710481ms] [LOG] An error occurred in "": Failed to obtain terrain tile X: 61 Y: 29 Level: 6. Error message: "undefined" @ https://cesium.com/downloads/cesiumjs/releases/1.120/Build/Cesium/Cesium.js:85
[ 1710482ms] [LOG] An error occurred in "": Failed to obtain terrain tile X: 32 Y: 14 Level: 5. Error message: "undefined" @ https://cesium.com/downloads/cesiumjs/releases/1.120/Build/Cesium/Cesium.js:85
[ 1710483ms] [LOG] An error occurred in "": Failed to obtain terrain tile X: 68 Y: 31 Level: 6. Error message: "undefined" @ https://cesium.com/downloads/cesiumjs/releases/1.120/Build/Cesium/Cesium.js:85
[ 1710524ms] [LOG] An error occurred in "": Failed to obtain terrain tile X: 68 Y: 30 Level: 6. Error message: "undefined" @ https://cesium.com/downloads/cesiumjs/releases/1.120/Build/Cesium/Cesium.js:85
[ 1710526ms] [LOG] An error occurred in "": Failed to obtain terrain tile X: 61 Y: 31 Level: 6. Error message: "undefined" @ https://cesium.com/downloads/cesiumjs/releases/1.120/Build/Cesium/Cesium.js:85
[ 1710527ms] [LOG] An error occurred in "": Failed to obtain terrain tile X: 61 Y: 30 Level: 6. Error message: "undefined" @ https://cesium.com/downloads/cesiumjs/releases/1.120/Build/Cesium/Cesium.js:85
[ 1710528ms] [LOG] An error occurred in "": Failed to obtain terrain tile X: 30 Y: 15 Level: 5. Error message: "undefined" @ https://cesium.com/downloads/cesiumjs/releases/1.120/Build/Cesium/Cesium.js:85
[ 1710528ms] [LOG] An error occurred in "": Failed to obtain terrain tile X: 61 Y: 32 Level: 6. Error message: "undefined" @ https://cesium.com/downloads/cesiumjs/releases/1.120/Build/Cesium/Cesium.js:85
[ 1710563ms] [LOG] An error occurred in "": Failed to obtain terrain tile X: 30 Y: 16 Level: 5. Error message: "undefined" @ https://cesium.com/downloads/cesiumjs/releases/1.120/Build/Cesium/Cesium.js:85
[ 1710564ms] [LOG] An error occurred in "": Failed to obtain terrain tile X: 34 Y: 16 Level: 5. Error message: "undefined" @ https://cesium.com/downloads/cesiumjs/releases/1.120/Build/Cesium/Cesium.js:85
[ 1710566ms] [LOG] An error occurred in "": Failed to obtain terrain tile X: 33 Y: 14 Level: 5. Error message: "undefined" @ https://cesium.com/downloads/cesiumjs/releases/1.120/Build/Cesium/Cesium.js:85
[ 1710567ms] [LOG] An error occurred in "": Failed to obtain terrain tile X: 34 Y: 15 Level: 5. Error message: "undefined" @ https://cesium.com/downloads/cesiumjs/releases/1.120/Build/Cesium/Cesium.js:85
[ 1710567ms] [LOG] An error occurred in "": Failed to obtain terrain tile X: 34 Y: 14 Level: 5. Error message: "undefined" @ https://cesium.com/downloads/cesiumjs/releases/1.120/Build/Cesium/Cesium.js:85
[ 1710915ms] [LOG] An error occurred in "": Failed to obtain terrain tile X: 69 Y: 30 Level: 6. Error message: "undefined" @ https://cesium.com/downloads/cesiumjs/releases/1.120/Build/Cesium/Cesium.js:85
[ 1710970ms] [LOG] An error occurred in "": Failed to obtain terrain tile X: 69 Y: 32 Level: 6. Error message: "undefined" @ https://cesium.com/downloads/cesiumjs/releases/1.120/Build/Cesium/Cesium.js:85
[ 1710973ms] [LOG] An error occurred in "": Failed to obtain terrain tile X: 69 Y: 29 Level: 6. Error message: "undefined" @ https://cesium.com/downloads/cesiumjs/releases/1.120/Build/Cesium/Cesium.js:85
[ 1710977ms] [LOG] An error occurred in "": Failed to obtain terrain tile X: 69 Y: 31 Level: 6. Error message: "undefined" @ https://cesium.com/downloads/cesiumjs/releases/1.120/Build/Cesium/Cesium.js:85
[ 1711025ms] [LOG] An error occurred in "": Failed to obtain terrain tile X: 60 Y: 29 Level: 6. Error message: "undefined" @ https://cesium.com/downloads/cesiumjs/releases/1.120/Build/Cesium/Cesium.js:85
[ 1711026ms] [LOG] An error occurred in "": Failed to obtain terrain tile X: 60 Y: 33 Level: 6. Error message: "undefined" @ https://cesium.com/downloads/cesiumjs/releases/1.120/Build/Cesium/Cesium.js:85
[ 1711070ms] [LOG] An error occurred in "": Failed to obtain terrain tile X: 60 Y: 30 Level: 6. Error message: "undefined" @ https://cesium.com/downloads/cesiumjs/releases/1.120/Build/Cesium/Cesium.js:85
[ 1711071ms] [LOG] An error occurred in "": Failed to obtain terrain tile X: 69 Y: 28 Level: 6. Error message: "undefined" @ https://cesium.com/downloads/cesiumjs/releases/1.120/Build/Cesium/Cesium.js:85
[ 1711071ms] [LOG] An error occurred in "": Failed to obtain terrain tile X: 60 Y: 32 Level: 6. Error message: "undefined" @ https://cesium.com/downloads/cesiumjs/releases/1.120/Build/Cesium/Cesium.js:85
[ 1711072ms] [LOG] An error occurred in "": Failed to obtain terrain tile X: 60 Y: 31 Level: 6. Error message: "undefined" @ https://cesium.com/downloads/cesiumjs/releases/1.120/Build/Cesium/Cesium.js:85
[ 1711131ms] [LOG] An error occurred in "": Failed to obtain terrain tile X: 60 Y: 28 Level: 6. Error message: "undefined" @ https://cesium.com/downloads/cesiumjs/releases/1.120/Build/Cesium/Cesium.js:85
[ 1711132ms] [LOG] An error occurred in "": Failed to obtain terrain tile X: 68 Y: 28 Level: 6. Error message: "undefined" @ https://cesium.com/downloads/cesiumjs/releases/1.120/Build/Cesium/Cesium.js:85
[ 1711132ms] [LOG] An error occurred in "": Failed to obtain terrain tile X: 69 Y: 33 Level: 6. Error message: "undefined" @ https://cesium.com/downloads/cesiumjs/releases/1.120/Build/Cesium/Cesium.js:85
[ 1711134ms] [LOG] An error occurred in "": Failed to obtain terrain tile X: 61 Y: 28 Level: 6. Error message: "undefined" @ https://cesium.com/downloads/cesiumjs/releases/1.120/Build/Cesium/Cesium.js:85
[ 1711195ms] [LOG] An error occurred in "": Failed to obtain terrain tile X: 67 Y: 28 Level: 6. Error message: "undefined" @ https://cesium.com/downloads/cesiumjs/releases/1.120/Build/Cesium/Cesium.js:85
[ 1711195ms] [LOG] An error occurred in "": Failed to obtain terrain tile X: 62 Y: 28 Level: 6. Error message: "undefined" @ https://cesium.com/downloads/cesiumjs/releases/1.120/Build/Cesium/Cesium.js:85
[ 1711257ms] [LOG] An error occurred in "": Failed to obtain terrain tile X: 63 Y: 28 Level: 6. Error message: "undefined" @ https://cesium.com/downloads/cesiumjs/releases/1.120/Build/Cesium/Cesium.js:85
[ 1711257ms] [LOG] An error occurred in "": Failed to obtain terrain tile X: 66 Y: 28 Level: 6. Error message: "undefined" @ https://cesium.com/downloads/cesiumjs/releases/1.120/Build/Cesium/Cesium.js:85
[ 1711311ms] [LOG] An error occurred in "": Failed to obtain terrain tile X: 68 Y: 33 Level: 6. Error message: "undefined" @ https://cesium.com/downloads/cesiumjs/releases/1.120/Build/Cesium/Cesium.js:85
[ 1711312ms] [LOG] An error occurred in "": Failed to obtain terrain tile X: 64 Y: 28 Level: 6. Error message: "undefined" @ https://cesium.com/downloads/cesiumjs/releases/1.120/Build/Cesium/Cesium.js:85
[ 1711313ms] [LOG] An error occurred in "": Failed to obtain terrain tile X: 35 Y: 14 Level: 5. Error message: "undefined" @ https://cesium.com/downloads/cesiumjs/releases/1.120/Build/Cesium/Cesium.js:85
[ 1711315ms] [LOG] An error occurred in "": Failed to obtain terrain tile X: 65 Y: 28 Level: 6. Error message: "undefined" @ https://cesium.com/downloads/cesiumjs/releases/1.120/Build/Cesium/Cesium.js:85
[ 1711316ms] [LOG] An error occurred in "": Failed to obtain terrain tile X: 61 Y: 33 Level: 6. Error message: "undefined" @ https://cesium.com/downloads/cesiumjs/releases/1.120/Build/Cesium/Cesium.js:85
[ 1711370ms] [LOG] An error occurred in "": Failed to obtain terrain tile X: 29 Y: 15 Level: 5. Error message: "undefined" @ https://cesium.com/downloads/cesiumjs/releases/1.120/Build/Cesium/Cesium.js:85
[ 1711370ms] [LOG] An error occurred in "": Failed to obtain terrain tile X: 35 Y: 13 Level: 5. Error message: "undefined" @ https://cesium.com/downloads/cesiumjs/releases/1.120/Build/Cesium/Cesium.js:85
[ 1711371ms] [LOG] An error occurred in "": Failed to obtain terrain tile X: 29 Y: 16 Level: 5. Error message: "undefined" @ https://cesium.com/downloads/cesiumjs/releases/1.120/Build/Cesium/Cesium.js:85
[ 1711371ms] [LOG] An error occurred in "": Failed to obtain terrain tile X: 29 Y: 14 Level: 5. Error message: "undefined" @ https://cesium.com/downloads/cesiumjs/releases/1.120/Build/Cesium/Cesium.js:85
[ 1711372ms] [LOG] An error occurred in "": Failed to obtain terrain tile X: 29 Y: 13 Level: 5. Error message: "undefined" @ https://cesium.com/downloads/cesiumjs/releases/1.120/Build/Cesium/Cesium.js:85
[ 1711372ms] [LOG] An error occurred in "": Failed to obtain terrain tile X: 35 Y: 16 Level: 5. Error message: "undefined" @ https://cesium.com/downloads/cesiumjs/releases/1.120/Build/Cesium/Cesium.js:85
[ 1711372ms] [LOG] An error occurred in "": Failed to obtain terrain tile X: 32 Y: 13 Level: 5. Error message: "undefined" @ https://cesium.com/downloads/cesiumjs/releases/1.120/Build/Cesium/Cesium.js:85
[ 1711372ms] [LOG] An error occurred in "": Failed to obtain terrain tile X: 34 Y: 13 Level: 5. Error message: "undefined" @ https://cesium.com/downloads/cesiumjs/releases/1.120/Build/Cesium/Cesium.js:85
[ 1711373ms] [LOG] An error occurred in "": Failed to obtain terrain tile X: 31 Y: 13 Level: 5. Error message: "undefined" @ https://cesium.com/downloads/cesiumjs/releases/1.120/Build/Cesium/Cesium.js:85
[ 1711409ms] [LOG] An error occurred in "": Failed to obtain terrain tile X: 33 Y: 13 Level: 5. Error message: "undefined" @ https://cesium.com/downloads/cesiumjs/releases/1.120/Build/Cesium/Cesium.js:85
[ 1711409ms] [LOG] An error occurred in "": Failed to obtain terrain tile X: 28 Y: 17 Level: 5. Error message: "undefined" @ https://cesium.com/downloads/cesiumjs/releases/1.120/Build/Cesium/Cesium.js:85
[ 1711410ms] [LOG] An error occurred in "": Failed to obtain terrain tile X: 30 Y: 13 Level: 5. Error message: "undefined" @ https://cesium.com/downloads/cesiumjs/releases/1.120/Build/Cesium/Cesium.js:85
[ 1711410ms] [LOG] An error occurred in "": Failed to obtain terrain tile X: 36 Y: 15 Level: 5. Error message: "undefined" @ https://cesium.com/downloads/cesiumjs/releases/1.120/Build/Cesium/Cesium.js:85
[ 1711410ms] [LOG] An error occurred in "": Failed to obtain terrain tile X: 28 Y: 13 Level: 5. Error message: "undefined" @ https://cesium.com/downloads/cesiumjs/releases/1.120/Build/Cesium/Cesium.js:85
[ 1711410ms] [LOG] An error occurred in "": Failed to obtain terrain tile X: 36 Y: 14 Level: 5. Error message: "undefined" @ https://cesium.com/downloads/cesiumjs/releases/1.120/Build/Cesium/Cesium.js:85
[ 1711411ms] [LOG] An error occurred in "": Failed to obtain terrain tile X: 36 Y: 16 Level: 5. Error message: "undefined" @ https://cesium.com/downloads/cesiumjs/releases/1.120/Build/Cesium/Cesium.js:85
[ 1711411ms] [LOG] An error occurred in "": Failed to obtain terrain tile X: 36 Y: 13 Level: 5. Error message: "undefined" @ https://cesium.com/downloads/cesiumjs/releases/1.120/Build/Cesium/Cesium.js:85
[ 1711467ms] [LOG] An error occurred in "": Failed to obtain terrain tile X: 36 Y: 17 Level: 5. Error message: "undefined" @ https://cesium.com/downloads/cesiumjs/releases/1.120/Build/Cesium/Cesium.js:85
[ 1711588ms] [LOG] An error occurred in "": Failed to obtain terrain tile X: 35 Y: 15 Level: 5. Error message: "undefined" @ https://cesium.com/downloads/cesiumjs/releases/1.120/Build/Cesium/Cesium.js:85
[ 1711897ms] [LOG] An error occurred in "": Failed to obtain terrain tile X: 28 Y: 16 Level: 5. Error message: "undefined" @ https://cesium.com/downloads/cesiumjs/releases/1.120/Build/Cesium/Cesium.js:85
[ 1711897ms] [LOG] An error occurred in "": Failed to obtain terrain tile X: 29 Y: 17 Level: 5. Error message: "undefined" @ https://cesium.com/downloads/cesiumjs/releases/1.120/Build/Cesium/Cesium.js:85
[ 1711898ms] [LOG] An error occurred in "": Failed to obtain terrain tile X: 37 Y: 17 Level: 5. Error message: "undefined" @ https://cesium.com/downloads/cesiumjs/releases/1.120/Build/Cesium/Cesium.js:85
[ 1711898ms] [LOG] An error occurred in "": Failed to obtain terrain tile X: 37 Y: 13 Level: 5. Error message: "undefined" @ https://cesium.com/downloads/cesiumjs/releases/1.120/Build/Cesium/Cesium.js:85
[ 1711898ms] [LOG] An error occurred in "": Failed to obtain terrain tile X: 28 Y: 15 Level: 5. Error message: "undefined" @ https://cesium.com/downloads/cesiumjs/releases/1.120/Build/Cesium/Cesium.js:85
[ 1711899ms] [LOG] An error occurred in "": Failed to obtain terrain tile X: 28 Y: 14 Level: 5. Error message: "undefined" @ https://cesium.com/downloads/cesiumjs/releases/1.120/Build/Cesium/Cesium.js:85
[ 1712024ms] [LOG] An error occurred in "": Failed to obtain terrain tile X: 37 Y: 14 Level: 5. Error message: "undefined" @ https://cesium.com/downloads/cesiumjs/releases/1.120/Build/Cesium/Cesium.js:85
[ 1712024ms] [LOG] An error occurred in "": Failed to obtain terrain tile X: 35 Y: 17 Level: 5. Error message: "undefined" @ https://cesium.com/downloads/cesiumjs/releases/1.120/Build/Cesium/Cesium.js:85
[ 1712024ms] [LOG] An error occurred in "": Failed to obtain terrain tile X: 37 Y: 16 Level: 5. Error message: "undefined" @ https://cesium.com/downloads/cesiumjs/releases/1.120/Build/Cesium/Cesium.js:85
[ 1712025ms] [LOG] An error occurred in "": Failed to obtain terrain tile X: 37 Y: 15 Level: 5. Error message: "undefined" @ https://cesium.com/downloads/cesiumjs/releases/1.120/Build/Cesium/Cesium.js:85
[ 1712115ms] [LOG] An error occurred in "": Failed to obtain terrain tile X: 32 Y: 17 Level: 5. Error message: "undefined" @ https://cesium.com/downloads/cesiumjs/releases/1.120/Build/Cesium/Cesium.js:85
[ 1712116ms] [LOG] An error occurred in "": Failed to obtain terrain tile X: 33 Y: 12 Level: 5. Error message: "undefined" @ https://cesium.com/downloads/cesiumjs/releases/1.120/Build/Cesium/Cesium.js:85
[ 1712116ms] [LOG] An error occurred in "": Failed to obtain terrain tile X: 32 Y: 12 Level: 5. Error message: "undefined" @ https://cesium.com/downloads/cesiumjs/releases/1.120/Build/Cesium/Cesium.js:85
[ 1712116ms] [LOG] An error occurred in "": Failed to obtain terrain tile X: 33 Y: 17 Level: 5. Error message: "undefined" @ https://cesium.com/downloads/cesiumjs/releases/1.120/Build/Cesium/Cesium.js:85
[ 1712117ms] [LOG] An error occurred in "": Failed to obtain terrain tile X: 34 Y: 12 Level: 5. Error message: "undefined" @ https://cesium.com/downloads/cesiumjs/releases/1.120/Build/Cesium/Cesium.js:85
[ 1712117ms] [LOG] An error occurred in "": Failed to obtain terrain tile X: 35 Y: 12 Level: 5. Error message: "undefined" @ https://cesium.com/downloads/cesiumjs/releases/1.120/Build/Cesium/Cesium.js:85
[ 1712117ms] [LOG] An error occurred in "": Failed to obtain terrain tile X: 31 Y: 12 Level: 5. Error message: "undefined" @ https://cesium.com/downloads/cesiumjs/releases/1.120/Build/Cesium/Cesium.js:85
[ 1712118ms] [LOG] An error occurred in "": Failed to obtain terrain tile X: 30 Y: 17 Level: 5. Error message: "undefined" @ https://cesium.com/downloads/cesiumjs/releases/1.120/Build/Cesium/Cesium.js:85
[ 1712172ms] [LOG] An error occurred in "": Failed to obtain terrain tile X: 31 Y: 17 Level: 5. Error message: "undefined" @ https://cesium.com/downloads/cesiumjs/releases/1.120/Build/Cesium/Cesium.js:85
[ 1712175ms] [LOG] An error occurred in "": Failed to obtain terrain tile X: 30 Y: 12 Level: 5. Error message: "undefined" @ https://cesium.com/downloads/cesiumjs/releases/1.120/Build/Cesium/Cesium.js:85
[ 1712175ms] [LOG] An error occurred in "": Failed to obtain terrain tile X: 34 Y: 17 Level: 5. Error message: "undefined" @ https://cesium.com/downloads/cesiumjs/releases/1.120/Build/Cesium/Cesium.js:85
[ 1716696ms] [LOG] An error occurred in "": Failed to obtain terrain tile X: 52 Y: 12 Level: 5. Error message: "undefined" @ https://cesium.com/downloads/cesiumjs/releases/1.120/Build/Cesium/Cesium.js:85
[ 1716721ms] [LOG] An error occurred in "": Failed to obtain terrain tile X: 53 Y: 12 Level: 5. Error message: "undefined" @ https://cesium.com/downloads/cesiumjs/releases/1.120/Build/Cesium/Cesium.js:85
[ 1716723ms] [LOG] An error occurred in "": Failed to obtain terrain tile X: 51 Y: 13 Level: 5. Error message: "undefined" @ https://cesium.com/downloads/cesiumjs/releases/1.120/Build/Cesium/Cesium.js:85
[ 1716724ms] [LOG] An error occurred in "": Failed to obtain terrain tile X: 52 Y: 13 Level: 5. Error message: "undefined" @ https://cesium.com/downloads/cesiumjs/releases/1.120/Build/Cesium/Cesium.js:85
[ 1716725ms] [LOG] An error occurred in "": Failed to obtain terrain tile X: 54 Y: 11 Level: 5. Error message: "undefined" @ https://cesium.com/downloads/cesiumjs/releases/1.120/Build/Cesium/Cesium.js:85
[ 1716725ms] [LOG] An error occurred in "": Failed to obtain terrain tile X: 54 Y: 10 Level: 5. Error message: "undefined" @ https://cesium.com/downloads/cesiumjs/releases/1.120/Build/Cesium/Cesium.js:85
[ 1716725ms] [LOG] An error occurred in "": Failed to obtain terrain tile X: 54 Y: 12 Level: 5. Error message: "undefined" @ https://cesium.com/downloads/cesiumjs/releases/1.120/Build/Cesium/Cesium.js:85
[ 1716727ms] [LOG] An error occurred in "": Failed to obtain terrain tile X: 55 Y: 11 Level: 5. Error message: "undefined" @ https://cesium.com/downloads/cesiumjs/releases/1.120/Build/Cesium/Cesium.js:85
[ 1716728ms] [LOG] An error occurred in "": Failed to obtain terrain tile X: 54 Y: 13 Level: 5. Error message: "undefined" @ https://cesium.com/downloads/cesiumjs/releases/1.120/Build/Cesium/Cesium.js:85
[ 1716728ms] [LOG] An error occurred in "": Failed to obtain terrain tile X: 55 Y: 10 Level: 5. Error message: "undefined" @ https://cesium.com/downloads/cesiumjs/releases/1.120/Build/Cesium/Cesium.js:85
[ 1716728ms] [LOG] An error occurred in "": Failed to obtain terrain tile X: 55 Y: 12 Level: 5. Error message: "undefined" @ https://cesium.com/downloads/cesiumjs/releases/1.120/Build/Cesium/Cesium.js:85
[ 1716749ms] [LOG] An error occurred in "": Failed to obtain terrain tile X: 55 Y: 13 Level: 5. Error message: "undefined" @ https://cesium.com/downloads/cesiumjs/releases/1.120/Build/Cesium/Cesium.js:85
[ 1716769ms] [LOG] An error occurred in "": Failed to obtain terrain tile X: 50 Y: 13 Level: 5. Error message: "undefined" @ https://cesium.com/downloads/cesiumjs/releases/1.120/Build/Cesium/Cesium.js:85
[ 1716844ms] [LOG] An error occurred in "": Failed to obtain terrain tile X: 53 Y: 13 Level: 5. Error message: "undefined" @ https://cesium.com/downloads/cesiumjs/releases/1.120/Build/Cesium/Cesium.js:85
[ 1716845ms] [LOG] An error occurred in "": Failed to obtain terrain tile X: 49 Y: 13 Level: 5. Error message: "undefined" @ https://cesium.com/downloads/cesiumjs/releases/1.120/Build/Cesium/Cesium.js:85
[ 1716845ms] [LOG] An error occurred in "": Failed to obtain terrain tile X: 54 Y: 9 Level: 5. Error message: "undefined" @ https://cesium.com/downloads/cesiumjs/releases/1.120/Build/Cesium/Cesium.js:85
[ 1716845ms] [LOG] An error occurred in "": Failed to obtain terrain tile X: 48 Y: 13 Level: 5. Error message: "undefined" @ https://cesium.com/downloads/cesiumjs/releases/1.120/Build/Cesium/Cesium.js:85
[ 1716906ms] [LOG] An error occurred in "": Failed to obtain terrain tile X: 55 Y: 9 Level: 5. Error message: "undefined" @ https://cesium.com/downloads/cesiumjs/releases/1.120/Build/Cesium/Cesium.js:85
[ 1717006ms] [LOG] An error occurred in "": Failed to obtain terrain tile X: 48 Y: 12 Level: 5. Error message: "undefined" @ https://cesium.com/downloads/cesiumjs/releases/1.120/Build/Cesium/Cesium.js:85
[ 1717023ms] [LOG] An error occurred in "": Failed to obtain terrain tile X: 55 Y: 14 Level: 5. Error message: "undefined" @ https://cesium.com/downloads/cesiumjs/releases/1.120/Build/Cesium/Cesium.js:85
[ 1717042ms] [LOG] An error occurred in "": Failed to obtain terrain tile X: 48 Y: 14 Level: 5. Error message: "undefined" @ https://cesium.com/downloads/cesiumjs/releases/1.120/Build/Cesium/Cesium.js:85
[ 1717044ms] [LOG] An error occurred in "": Failed to obtain terrain tile X: 46 Y: 11 Level: 5. Error message: "undefined" @ https://cesium.com/downloads/cesiumjs/releases/1.120/Build/Cesium/Cesium.js:85
[ 1717045ms] [LOG] An error occurred in "": Failed to obtain terrain tile X: 56 Y: 11 Level: 5. Error message: "undefined" @ https://cesium.com/downloads/cesiumjs/releases/1.120/Build/Cesium/Cesium.js:85
[ 1717075ms] [LOG] An error occurred in "": Failed to obtain terrain tile X: 56 Y: 10 Level: 5. Error message: "undefined" @ https://cesium.com/downloads/cesiumjs/releases/1.120/Build/Cesium/Cesium.js:85
[ 1717076ms] [LOG] An error occurred in "": Failed to obtain terrain tile X: 56 Y: 12 Level: 5. Error message: "undefined" @ https://cesium.com/downloads/cesiumjs/releases/1.120/Build/Cesium/Cesium.js:85
[ 1717077ms] [LOG] An error occurred in "": Failed to obtain terrain tile X: 56 Y: 9 Level: 5. Error message: "undefined" @ https://cesium.com/downloads/cesiumjs/releases/1.120/Build/Cesium/Cesium.js:85
[ 1717078ms] [LOG] An error occurred in "": Failed to obtain terrain tile X: 56 Y: 13 Level: 5. Error message: "undefined" @ https://cesium.com/downloads/cesiumjs/releases/1.120/Build/Cesium/Cesium.js:85
[ 1717080ms] [LOG] An error occurred in "": Failed to obtain terrain tile X: 57 Y: 11 Level: 5. Error message: "undefined" @ https://cesium.com/downloads/cesiumjs/releases/1.120/Build/Cesium/Cesium.js:85
[ 1717080ms] [LOG] An error occurred in "": Failed to obtain terrain tile X: 57 Y: 10 Level: 5. Error message: "undefined" @ https://cesium.com/downloads/cesiumjs/releases/1.120/Build/Cesium/Cesium.js:85
[ 1717153ms] [LOG] An error occurred in "": Failed to obtain terrain tile X: 46 Y: 12 Level: 5. Error message: "undefined" @ https://cesium.com/downloads/cesiumjs/releases/1.120/Build/Cesium/Cesium.js:85
[ 1717154ms] [LOG] An error occurred in "": Failed to obtain terrain tile X: 46 Y: 13 Level: 5. Error message: "undefined" @ https://cesium.com/downloads/cesiumjs/releases/1.120/Build/Cesium/Cesium.js:85
[ 1717155ms] [LOG] An error occurred in "": Failed to obtain terrain tile X: 47 Y: 13 Level: 5. Error message: "undefined" @ https://cesium.com/downloads/cesiumjs/releases/1.120/Build/Cesium/Cesium.js:85
[ 1717155ms] [LOG] An error occurred in "": Failed to obtain terrain tile X: 47 Y: 12 Level: 5. Error message: "undefined" @ https://cesium.com/downloads/cesiumjs/releases/1.120/Build/Cesium/Cesium.js:85
[ 1717156ms] [LOG] An error occurred in "": Failed to obtain terrain tile X: 57 Y: 9 Level: 5. Error message: "undefined" @ https://cesium.com/downloads/cesiumjs/releases/1.120/Build/Cesium/Cesium.js:85
[ 1717157ms] [LOG] An error occurred in "": Failed to obtain terrain tile X: 56 Y: 14 Level: 5. Error message: "undefined" @ https://cesium.com/downloads/cesiumjs/releases/1.120/Build/Cesium/Cesium.js:85
[ 1717157ms] [LOG] An error occurred in "": Failed to obtain terrain tile X: 47 Y: 14 Level: 5. Error message: "undefined" @ https://cesium.com/downloads/cesiumjs/releases/1.120/Build/Cesium/Cesium.js:85
[ 1717436ms] [LOG] An error occurred in "": Failed to obtain terrain tile X: 105 Y: 24 Level: 6. Error message: "undefined" @ https://cesium.com/downloads/cesiumjs/releases/1.120/Build/Cesium/Cesium.js:85
[ 1717490ms] [LOG] An error occurred in "": Failed to obtain terrain tile X: 105 Y: 25 Level: 6. Error message: "undefined" @ https://cesium.com/downloads/cesiumjs/releases/1.120/Build/Cesium/Cesium.js:85
[ 1717491ms] [LOG] An error occurred in "": Failed to obtain terrain tile X: 106 Y: 24 Level: 6. Error message: "undefined" @ https://cesium.com/downloads/cesiumjs/releases/1.120/Build/Cesium/Cesium.js:85
[ 1717517ms] [LOG] An error occurred in "": Failed to obtain terrain tile X: 106 Y: 25 Level: 6. Error message: "undefined" @ https://cesium.com/downloads/cesiumjs/releases/1.120/Build/Cesium/Cesium.js:85
[ 1717528ms] [LOG] An error occurred in "": Failed to obtain terrain tile X: 107 Y: 24 Level: 6. Error message: "undefined" @ https://cesium.com/downloads/cesiumjs/releases/1.120/Build/Cesium/Cesium.js:85
[ 1717529ms] [LOG] An error occurred in "": Failed to obtain terrain tile X: 107 Y: 25 Level: 6. Error message: "undefined" @ https://cesium.com/downloads/cesiumjs/releases/1.120/Build/Cesium/Cesium.js:85
[ 1717529ms] [LOG] An error occurred in "": Failed to obtain terrain tile X: 107 Y: 22 Level: 6. Error message: "undefined" @ https://cesium.com/downloads/cesiumjs/releases/1.120/Build/Cesium/Cesium.js:85
[ 1717550ms] [LOG] An error occurred in "": Failed to obtain terrain tile X: 104 Y: 25 Level: 6. Error message: "undefined" @ https://cesium.com/downloads/cesiumjs/releases/1.120/Build/Cesium/Cesium.js:85
[ 1717584ms] [LOG] An error occurred in "": Failed to obtain terrain tile X: 101 Y: 25 Level: 6. Error message: "undefined" @ https://cesium.com/downloads/cesiumjs/releases/1.120/Build/Cesium/Cesium.js:85
[ 1717584ms] [LOG] An error occurred in "": Failed to obtain terrain tile X: 108 Y: 23 Level: 6. Error message: "undefined" @ https://cesium.com/downloads/cesiumjs/releases/1.120/Build/Cesium/Cesium.js:85
[ 1717586ms] [LOG] An error occurred in "": Failed to obtain terrain tile X: 108 Y: 22 Level: 6. Error message: "undefined" @ https://cesium.com/downloads/cesiumjs/releases/1.120/Build/Cesium/Cesium.js:85
[ 1717587ms] [LOG] An error occurred in "": Failed to obtain terrain tile X: 99 Y: 25 Level: 6. Error message: "undefined" @ https://cesium.com/downloads/cesiumjs/releases/1.120/Build/Cesium/Cesium.js:85
[ 1717605ms] [LOG] An error occurred in "": Failed to obtain terrain tile X: 108 Y: 25 Level: 6. Error message: "undefined" @ https://cesium.com/downloads/cesiumjs/releases/1.120/Build/Cesium/Cesium.js:85
[ 1717701ms] [LOG] An error occurred in "": Failed to obtain terrain tile X: 100 Y: 25 Level: 6. Error message: "undefined" @ https://cesium.com/downloads/cesiumjs/releases/1.120/Build/Cesium/Cesium.js:85
[ 1717843ms] [LOG] An error occurred in "": Failed to obtain terrain tile X: 207 Y: 49 Level: 7. Error message: "undefined" @ https://cesium.com/downloads/cesiumjs/releases/1.120/Build/Cesium/Cesium.js:85
[ 1717852ms] [LOG] An error occurred in "": Failed to obtain terrain tile X: 208 Y: 49 Level: 7. Error message: "undefined" @ https://cesium.com/downloads/cesiumjs/releases/1.120/Build/Cesium/Cesium.js:85
[ 1717887ms] [LOG] An error occurred in "": Failed to obtain terrain tile X: 209 Y: 49 Level: 7. Error message: "undefined" @ https://cesium.com/downloads/cesiumjs/releases/1.120/Build/Cesium/Cesium.js:85
[ 1717951ms] [LOG] An error occurred in "": Failed to obtain terrain tile X: 108 Y: 24 Level: 6. Error message: "undefined" @ https://cesium.com/downloads/cesiumjs/releases/1.120/Build/Cesium/Cesium.js:85
[ 1717960ms] [LOG] An error occurred in "": Failed to obtain terrain tile X: 108 Y: 21 Level: 6. Error message: "undefined" @ https://cesium.com/downloads/cesiumjs/releases/1.120/Build/Cesium/Cesium.js:85
[ 1717994ms] [LOG] An error occurred in "": Failed to obtain terrain tile X: 210 Y: 48 Level: 7. Error message: "undefined" @ https://cesium.com/downloads/cesiumjs/releases/1.120/Build/Cesium/Cesium.js:85
[ 1718003ms] [LOG] An error occurred in "": Failed to obtain terrain tile X: 207 Y: 50 Level: 7. Error message: "undefined" @ https://cesium.com/downloads/cesiumjs/releases/1.120/Build/Cesium/Cesium.js:85
[ 1718045ms] [LOG] An error occurred in "": Failed to obtain terrain tile X: 210 Y: 49 Level: 7. Error message: "undefined" @ https://cesium.com/downloads/cesiumjs/releases/1.120/Build/Cesium/Cesium.js:85
[ 1718082ms] [LOG] An error occurred in "": Failed to obtain terrain tile X: 208 Y: 50 Level: 7. Error message: "undefined" @ https://cesium.com/downloads/cesiumjs/releases/1.120/Build/Cesium/Cesium.js:85
[ 1718082ms] [LOG] An error occurred in "": Failed to obtain terrain tile X: 209 Y: 50 Level: 7. Error message: "undefined" @ https://cesium.com/downloads/cesiumjs/releases/1.120/Build/Cesium/Cesium.js:85
[ 1718108ms] [LOG] An error occurred in "": Failed to obtain terrain tile X: 211 Y: 48 Level: 7. Error message: "undefined" @ https://cesium.com/downloads/cesiumjs/releases/1.120/Build/Cesium/Cesium.js:85
[ 1718116ms] [LOG] An error occurred in "": Failed to obtain terrain tile X: 211 Y: 49 Level: 7. Error message: "undefined" @ https://cesium.com/downloads/cesiumjs/releases/1.120/Build/Cesium/Cesium.js:85
[ 1718163ms] [LOG] An error occurred in "": Failed to obtain terrain tile X: 212 Y: 48 Level: 7. Error message: "undefined" @ https://cesium.com/downloads/cesiumjs/releases/1.120/Build/Cesium/Cesium.js:85
[ 1718183ms] [LOG] An error occurred in "": Failed to obtain terrain tile X: 211 Y: 50 Level: 7. Error message: "undefined" @ https://cesium.com/downloads/cesiumjs/releases/1.120/Build/Cesium/Cesium.js:85
[ 1718202ms] [LOG] An error occurred in "": Failed to obtain terrain tile X: 210 Y: 50 Level: 7. Error message: "undefined" @ https://cesium.com/downloads/cesiumjs/releases/1.120/Build/Cesium/Cesium.js:85
[ 1718215ms] [LOG] An error occurred in "": Failed to obtain terrain tile X: 212 Y: 47 Level: 7. Error message: "undefined" @ https://cesium.com/downloads/cesiumjs/releases/1.120/Build/Cesium/Cesium.js:85
[ 1718216ms] [LOG] An error occurred in "": Failed to obtain terrain tile X: 212 Y: 49 Level: 7. Error message: "undefined" @ https://cesium.com/downloads/cesiumjs/releases/1.120/Build/Cesium/Cesium.js:85
[ 1718433ms] [LOG] An error occurred in "": Failed to obtain terrain tile X: 204 Y: 50 Level: 7. Error message: "undefined" @ https://cesium.com/downloads/cesiumjs/releases/1.120/Build/Cesium/Cesium.js:85
[ 1718434ms] [LOG] An error occurred in "": Failed to obtain terrain tile X: 417 Y: 97 Level: 8. Error message: "undefined" @ https://cesium.com/downloads/cesiumjs/releases/1.120/Build/Cesium/Cesium.js:85
[ 1718444ms] [LOG] An error occurred in "": Failed to obtain terrain tile X: 415 Y: 98 Level: 8. Error message: "undefined" @ https://cesium.com/downloads/cesiumjs/releases/1.120/Build/Cesium/Cesium.js:85
[ 1718444ms] [LOG] An error occurred in "": Failed to obtain terrain tile X: 416 Y: 98 Level: 8. Error message: "undefined" @ https://cesium.com/downloads/cesiumjs/releases/1.120/Build/Cesium/Cesium.js:85
[ 1718490ms] [LOG] An error occurred in "": Failed to obtain terrain tile X: 414 Y: 98 Level: 8. Error message: "undefined" @ https://cesium.com/downloads/cesiumjs/releases/1.120/Build/Cesium/Cesium.js:85
[ 1718507ms] [LOG] An error occurred in "": Failed to obtain terrain tile X: 417 Y: 98 Level: 8. Error message: "undefined" @ https://cesium.com/downloads/cesiumjs/releases/1.120/Build/Cesium/Cesium.js:85
[ 1718515ms] [LOG] An error occurred in "": Failed to obtain terrain tile X: 418 Y: 97 Level: 8. Error message: "undefined" @ https://cesium.com/downloads/cesiumjs/releases/1.120/Build/Cesium/Cesium.js:85
[ 1718548ms] [LOG] An error occurred in "": Failed to obtain terrain tile X: 418 Y: 98 Level: 8. Error message: "undefined" @ https://cesium.com/downloads/cesiumjs/releases/1.120/Build/Cesium/Cesium.js:85
[ 1718588ms] [LOG] An error occurred in "": Failed to obtain terrain tile X: 419 Y: 97 Level: 8. Error message: "undefined" @ https://cesium.com/downloads/cesiumjs/releases/1.120/Build/Cesium/Cesium.js:85
[ 1718619ms] [LOG] An error occurred in "": Failed to obtain terrain tile X: 419 Y: 98 Level: 8. Error message: "undefined" @ https://cesium.com/downloads/cesiumjs/releases/1.120/Build/Cesium/Cesium.js:85
[ 1718669ms] [LOG] An error occurred in "": Failed to obtain terrain tile X: 420 Y: 97 Level: 8. Error message: "undefined" @ https://cesium.com/downloads/cesiumjs/releases/1.120/Build/Cesium/Cesium.js:85
[ 1718669ms] [LOG] An error occurred in "": Failed to obtain terrain tile X: 411 Y: 98 Level: 8. Error message: "undefined" @ https://cesium.com/downloads/cesiumjs/releases/1.120/Build/Cesium/Cesium.js:85
[ 1718678ms] [LOG] An error occurred in "": Failed to obtain terrain tile X: 419 Y: 96 Level: 8. Error message: "undefined" @ https://cesium.com/downloads/cesiumjs/releases/1.120/Build/Cesium/Cesium.js:85
[ 1718678ms] [LOG] An error occurred in "": Failed to obtain terrain tile X: 420 Y: 98 Level: 8. Error message: "undefined" @ https://cesium.com/downloads/cesiumjs/releases/1.120/Build/Cesium/Cesium.js:85
[ 1718679ms] [LOG] An error occurred in "": Failed to obtain terrain tile X: 420 Y: 96 Level: 8. Error message: "undefined" @ https://cesium.com/downloads/cesiumjs/releases/1.120/Build/Cesium/Cesium.js:85
[ 1718938ms] [LOG] An error occurred in "": Failed to obtain terrain tile X: 833 Y: 194 Level: 9. Error message: "undefined" @ https://cesium.com/downloads/cesiumjs/releases/1.120/Build/Cesium/Cesium.js:85
[ 1719018ms] [LOG] An error occurred in "": Failed to obtain terrain tile X: 834 Y: 194 Level: 9. Error message: "undefined" @ https://cesium.com/downloads/cesiumjs/releases/1.120/Build/Cesium/Cesium.js:85
[ 1719057ms] [LOG] An error occurred in "": Failed to obtain terrain tile X: 831 Y: 195 Level: 9. Error message: "undefined" @ https://cesium.com/downloads/cesiumjs/releases/1.120/Build/Cesium/Cesium.js:85
[ 1719113ms] [LOG] An error occurred in "": Failed to obtain terrain tile X: 832 Y: 195 Level: 9. Error message: "undefined" @ https://cesium.com/downloads/cesiumjs/releases/1.120/Build/Cesium/Cesium.js:85
[ 1719126ms] [LOG] An error occurred in "": Failed to obtain terrain tile X: 833 Y: 195 Level: 9. Error message: "undefined" @ https://cesium.com/downloads/cesiumjs/releases/1.120/Build/Cesium/Cesium.js:85
[ 1719127ms] [LOG] An error occurred in "": Failed to obtain terrain tile X: 828 Y: 195 Level: 9. Error message: "undefined" @ https://cesium.com/downloads/cesiumjs/releases/1.120/Build/Cesium/Cesium.js:85
[ 1719168ms] [LOG] An error occurred in "": Failed to obtain terrain tile X: 829 Y: 195 Level: 9. Error message: "undefined" @ https://cesium.com/downloads/cesiumjs/releases/1.120/Build/Cesium/Cesium.js:85
[ 1719168ms] [LOG] An error occurred in "": Failed to obtain terrain tile X: 830 Y: 195 Level: 9. Error message: "undefined" @ https://cesium.com/downloads/cesiumjs/releases/1.120/Build/Cesium/Cesium.js:85
[ 1719221ms] [LOG] An error occurred in "": Failed to obtain terrain tile X: 835 Y: 195 Level: 9. Error message: "undefined" @ https://cesium.com/downloads/cesiumjs/releases/1.120/Build/Cesium/Cesium.js:85
[ 1719222ms] [LOG] An error occurred in "": Failed to obtain terrain tile X: 836 Y: 194 Level: 9. Error message: "undefined" @ https://cesium.com/downloads/cesiumjs/releases/1.120/Build/Cesium/Cesium.js:85
[ 1719238ms] [LOG] An error occurred in "": Failed to obtain terrain tile X: 835 Y: 194 Level: 9. Error message: "undefined" @ https://cesium.com/downloads/cesiumjs/releases/1.120/Build/Cesium/Cesium.js:85
[ 1719243ms] [LOG] An error occurred in "": Failed to obtain terrain tile X: 834 Y: 195 Level: 9. Error message: "undefined" @ https://cesium.com/downloads/cesiumjs/releases/1.120/Build/Cesium/Cesium.js:85
[ 1719349ms] [LOG] An error occurred in "": Failed to obtain terrain tile X: 836 Y: 195 Level: 9. Error message: "undefined" @ https://cesium.com/downloads/cesiumjs/releases/1.120/Build/Cesium/Cesium.js:85
[ 1720901ms] [LOG] An error occurred in "": Failed to obtain terrain tile X: 1666 Y: 388 Level: 10. Error message: "undefined" @ https://cesium.com/downloads/cesiumjs/releases/1.120/Build/Cesium/Cesium.js:85
[ 1721127ms] [LOG] An error occurred in "": Failed to obtain terrain tile X: 1667 Y: 388 Level: 10. Error message: "undefined" @ https://cesium.com/downloads/cesiumjs/releases/1.120/Build/Cesium/Cesium.js:85
