[     196ms] [LOG] %c欢迎使用CesiumTdt插件，%c该插件由Jason提供，%c目前支持1.120版本 color: green; font-size: 16px; font-weight: bold; color: blue; font-size: 14px; font-style: italic; color: red; font-size: 14px; font-weight: bold; @ http://localhost:8080/lib/cesiumTdt.js:0
[     729ms] [ERROR] Failed to load resource: the server responded with a status of 404 (Not Found) @ https://t1.tianditu.gov.cn/img_w?tk=3434e0337ed4d651277ec7e690a61b4c:0
[     729ms] [ERROR] Failed to load resource: the server responded with a status of 404 (Not Found) @ https://t2.tianditu.gov.cn/img_w?tk=3434e0337ed4d651277ec7e690a61b4c:0
[     729ms] [ERROR] Failed to load resource: the server responded with a status of 404 (Not Found) @ https://t1.tianditu.gov.cn/cva_w?tk=3434e0337ed4d651277ec7e690a61b4c:0
[     730ms] [ERROR] Failed to load resource: the server responded with a status of 404 (Not Found) @ https://t2.tianditu.gov.cn/cva_w?tk=3434e0337ed4d651277ec7e690a61b4c:0
[     730ms] [ERROR] Failed to load resource: the server responded with a status of 404 (Not Found) @ https://t3.tianditu.gov.cn/img_w?tk=3434e0337ed4d651277ec7e690a61b4c:0
[     732ms] [LOG] An error occurred in "Tw": Failed to obtain image tile X: 0 Y: 0 Level: 1. @ https://cesium.com/downloads/cesiumjs/releases/1.120/Build/Cesium/Cesium.js:85
[     736ms] [ERROR] Failed to load resource: the server responded with a status of 404 (Not Found) @ https://t3.tianditu.gov.cn/cva_w?tk=3434e0337ed4d651277ec7e690a61b4c:0
[     737ms] [LOG] An error occurred in "Tw": Failed to obtain image tile X: 0 Y: 1 Level: 1. @ https://cesium.com/downloads/cesiumjs/releases/1.120/Build/Cesium/Cesium.js:85
[     738ms] [LOG] An error occurred in "Tw": Failed to obtain image tile X: 0 Y: 0 Level: 1. @ https://cesium.com/downloads/cesiumjs/releases/1.120/Build/Cesium/Cesium.js:85
[     740ms] [LOG] An error occurred in "Tw": Failed to obtain image tile X: 0 Y: 1 Level: 1. @ https://cesium.com/downloads/cesiumjs/releases/1.120/Build/Cesium/Cesium.js:85
[     741ms] [ERROR] Failed to load resource: the server responded with a status of 404 (Not Found) @ https://t2.tianditu.gov.cn/img_w?tk=3434e0337ed4d651277ec7e690a61b4c:0
[     742ms] [LOG] An error occurred in "Tw": Failed to obtain image tile X: 1 Y: 1 Level: 1. @ https://cesium.com/downloads/cesiumjs/releases/1.120/Build/Cesium/Cesium.js:85
[     743ms] [ERROR] Failed to load resource: the server responded with a status of 404 (Not Found) @ https://t2.tianditu.gov.cn/cva_w?tk=3434e0337ed4d651277ec7e690a61b4c:0
[     744ms] [LOG] An error occurred in "Tw": Failed to obtain image tile X: 1 Y: 0 Level: 1. @ https://cesium.com/downloads/cesiumjs/releases/1.120/Build/Cesium/Cesium.js:85
[     746ms] [LOG] An error occurred in "Tw": Failed to obtain image tile X: 1 Y: 1 Level: 1. @ https://cesium.com/downloads/cesiumjs/releases/1.120/Build/Cesium/Cesium.js:85
[     747ms] [LOG] An error occurred in "Tw": Failed to obtain image tile X: 1 Y: 0 Level: 1. @ https://cesium.com/downloads/cesiumjs/releases/1.120/Build/Cesium/Cesium.js:85
[     748ms] [ERROR] Failed to load resource: the server responded with a status of 404 (Not Found) @ https://t0.tianditu.gov.cn/img_w?tk=3434e0337ed4d651277ec7e690a61b4c:0
[     750ms] [LOG] An error occurred in "Tw": Failed to obtain image tile X: 0 Y: 0 Level: 0. @ https://cesium.com/downloads/cesiumjs/releases/1.120/Build/Cesium/Cesium.js:85
[     771ms] [ERROR] Failed to load resource: the server responded with a status of 404 (Not Found) @ https://t0.tianditu.gov.cn/cva_w?tk=3434e0337ed4d651277ec7e690a61b4c:0
[     774ms] [LOG] An error occurred in "Tw": Failed to obtain image tile X: 0 Y: 0 Level: 0. @ https://cesium.com/downloads/cesiumjs/releases/1.120/Build/Cesium/Cesium.js:85
[     952ms] [ERROR] 采样A/B点地形失败: TypeError: Cannot read properties of undefined (reading 'computeMaximumLevelAtPosition')
    at Object.Qre (https://cesium.com/downloads/cesiumjs/releases/1.120/Build/Cesium/Cesium.js:93:186783)
    at Object.sampleElevation (http://localhost:8080/index.html:211:46)
    at runProfile (http://localhost:8080/index.html:942:36)
    at http://localhost:8080/index.html:358:30 @ http://localhost:8080/index.html:949
[     955ms] [ERROR] 采样地形失败: TypeError: Cannot read properties of undefined (reading 'computeMaximumLevelAtPosition')
    at Object.Qre (https://cesium.com/downloads/cesiumjs/releases/1.120/Build/Cesium/Cesium.js:93:186783)
    at Object.sampleTerrainPath (http://localhost:8080/index.html:204:46)
    at runProfile (http://localhost:8080/index.html:1058:85) @ http://localhost:8080/index.html:1060
[    1657ms] [ERROR] Failed to load resource: the server responded with a status of 404 (Not Found) @ https://t7.tianditu.gov.cn/img_w?tk=3434e0337ed4d651277ec7e690a61b4c:0
[    1657ms] [ERROR] Failed to load resource: the server responded with a status of 404 (Not Found) @ https://t0.tianditu.gov.cn/img_w?tk=3434e0337ed4d651277ec7e690a61b4c:0
[    1657ms] [ERROR] Failed to load resource: the server responded with a status of 404 (Not Found) @ https://t7.tianditu.gov.cn/cva_w?tk=3434e0337ed4d651277ec7e690a61b4c:0
[    1657ms] [ERROR] Failed to load resource: the server responded with a status of 404 (Not Found) @ https://t0.tianditu.gov.cn/cva_w?tk=3434e0337ed4d651277ec7e690a61b4c:0
[    1658ms] [ERROR] Failed to load resource: the server responded with a status of 404 (Not Found) @ https://t5.tianditu.gov.cn/img_w?tk=3434e0337ed4d651277ec7e690a61b4c:0
[    1658ms] [ERROR] Failed to load resource: the server responded with a status of 404 (Not Found) @ https://t6.tianditu.gov.cn/img_w?tk=3434e0337ed4d651277ec7e690a61b4c:0
[    1658ms] [ERROR] Failed to load resource: the server responded with a status of 404 (Not Found) @ https://t5.tianditu.gov.cn/cva_w?tk=3434e0337ed4d651277ec7e690a61b4c:0
[    1658ms] [ERROR] Failed to load resource: the server responded with a status of 404 (Not Found) @ https://t6.tianditu.gov.cn/cva_w?tk=3434e0337ed4d651277ec7e690a61b4c:0
[    1658ms] [ERROR] Failed to load resource: the server responded with a status of 404 (Not Found) @ https://t4.tianditu.gov.cn/img_w?tk=3434e0337ed4d651277ec7e690a61b4c:0
[    1659ms] [ERROR] Failed to load resource: the server responded with a status of 404 (Not Found) @ https://t4.tianditu.gov.cn/cva_w?tk=3434e0337ed4d651277ec7e690a61b4c:0
[    1660ms] [ERROR] Failed to load resource: the server responded with a status of 404 (Not Found) @ https://t7.tianditu.gov.cn/img_w?tk=3434e0337ed4d651277ec7e690a61b4c:0
[    1660ms] [ERROR] Failed to load resource: the server responded with a status of 404 (Not Found) @ https://t0.tianditu.gov.cn/img_w?tk=3434e0337ed4d651277ec7e690a61b4c:0
[    1660ms] [ERROR] Failed to load resource: the server responded with a status of 404 (Not Found) @ https://t7.tianditu.gov.cn/cva_w?tk=3434e0337ed4d651277ec7e690a61b4c:0
[    1660ms] [ERROR] Failed to load resource: the server responded with a status of 404 (Not Found) @ https://t0.tianditu.gov.cn/cva_w?tk=3434e0337ed4d651277ec7e690a61b4c:0
[    1660ms] [ERROR] Failed to load resource: the server responded with a status of 404 (Not Found) @ https://t5.tianditu.gov.cn/img_w?tk=3434e0337ed4d651277ec7e690a61b4c:0
[    1660ms] [ERROR] Failed to load resource: the server responded with a status of 404 (Not Found) @ https://t6.tianditu.gov.cn/img_w?tk=3434e0337ed4d651277ec7e690a61b4c:0
[    1660ms] [ERROR] Failed to load resource: the server responded with a status of 404 (Not Found) @ https://t5.tianditu.gov.cn/cva_w?tk=3434e0337ed4d651277ec7e690a61b4c:0
[    1660ms] [ERROR] Failed to load resource: the server responded with a status of 404 (Not Found) @ https://t6.tianditu.gov.cn/cva_w?tk=3434e0337ed4d651277ec7e690a61b4c:0
[    1661ms] [ERROR] Failed to load resource: the server responded with a status of 404 (Not Found) @ https://t7.tianditu.gov.cn/img_w?tk=3434e0337ed4d651277ec7e690a61b4c:0
[    1661ms] [ERROR] Failed to load resource: the server responded with a status of 404 (Not Found) @ https://t7.tianditu.gov.cn/cva_w?tk=3434e0337ed4d651277ec7e690a61b4c:0
[    1661ms] [ERROR] Failed to load resource: the server responded with a status of 404 (Not Found) @ https://t6.tianditu.gov.cn/img_w?tk=3434e0337ed4d651277ec7e690a61b4c:0
[    1661ms] [ERROR] Failed to load resource: the server responded with a status of 404 (Not Found) @ https://t6.tianditu.gov.cn/cva_w?tk=3434e0337ed4d651277ec7e690a61b4c:0
[    1674ms] [ERROR] Failed to load resource: the server responded with a status of 404 (Not Found) @ https://t1.tianditu.gov.cn/img_w?tk=3434e0337ed4d651277ec7e690a61b4c:0
[    1675ms] [ERROR] Failed to load resource: the server responded with a status of 404 (Not Found) @ https://t2.tianditu.gov.cn/img_w?tk=3434e0337ed4d651277ec7e690a61b4c:0
[    1683ms] [LOG] An error occurred in "Tw": Failed to obtain image tile X: 2 Y: 2 Level: 3. @ https://cesium.com/downloads/cesiumjs/releases/1.120/Build/Cesium/Cesium.js:85
[    1683ms] [LOG] An error occurred in "Tw": Failed to obtain image tile X: 2 Y: 3 Level: 3. @ https://cesium.com/downloads/cesiumjs/releases/1.120/Build/Cesium/Cesium.js:85
[    1683ms] [LOG] An error occurred in "Tw": Failed to obtain image tile X: 2 Y: 2 Level: 3. @ https://cesium.com/downloads/cesiumjs/releases/1.120/Build/Cesium/Cesium.js:85
[    1684ms] [LOG] An error occurred in "Tw": Failed to obtain image tile X: 2 Y: 3 Level: 3. @ https://cesium.com/downloads/cesiumjs/releases/1.120/Build/Cesium/Cesium.js:85
[    1684ms] [LOG] An error occurred in "Tw": Failed to obtain image tile X: 2 Y: 0 Level: 3. @ https://cesium.com/downloads/cesiumjs/releases/1.120/Build/Cesium/Cesium.js:85
[    1684ms] [LOG] An error occurred in "Tw": Failed to obtain image tile X: 2 Y: 1 Level: 3. @ https://cesium.com/downloads/cesiumjs/releases/1.120/Build/Cesium/Cesium.js:85
[    1684ms] [LOG] An error occurred in "Tw": Failed to obtain image tile X: 2 Y: 0 Level: 3. @ https://cesium.com/downloads/cesiumjs/releases/1.120/Build/Cesium/Cesium.js:85
[    1684ms] [LOG] An error occurred in "Tw": Failed to obtain image tile X: 2 Y: 1 Level: 3. @ https://cesium.com/downloads/cesiumjs/releases/1.120/Build/Cesium/Cesium.js:85
[    1684ms] [LOG] An error occurred in "Tw": Failed to obtain image tile X: 1 Y: 0 Level: 3. @ https://cesium.com/downloads/cesiumjs/releases/1.120/Build/Cesium/Cesium.js:85
[    1684ms] [LOG] An error occurred in "Tw": Failed to obtain image tile X: 1 Y: 0 Level: 3. @ https://cesium.com/downloads/cesiumjs/releases/1.120/Build/Cesium/Cesium.js:85
[    1684ms] [LOG] An error occurred in "Tw": Failed to obtain image tile X: 3 Y: 1 Level: 3. @ https://cesium.com/downloads/cesiumjs/releases/1.120/Build/Cesium/Cesium.js:85
[    1684ms] [LOG] An error occurred in "Tw": Failed to obtain image tile X: 3 Y: 2 Level: 3. @ https://cesium.com/downloads/cesiumjs/releases/1.120/Build/Cesium/Cesium.js:85
[    1685ms] [LOG] An error occurred in "Tw": Failed to obtain image tile X: 3 Y: 1 Level: 3. @ https://cesium.com/downloads/cesiumjs/releases/1.120/Build/Cesium/Cesium.js:85
[    1685ms] [LOG] An error occurred in "Tw": Failed to obtain image tile X: 3 Y: 2 Level: 3. @ https://cesium.com/downloads/cesiumjs/releases/1.120/Build/Cesium/Cesium.js:85
[    1685ms] [LOG] An error occurred in "Tw": Failed to obtain image tile X: 1 Y: 1 Level: 3. @ https://cesium.com/downloads/cesiumjs/releases/1.120/Build/Cesium/Cesium.js:85
[    1685ms] [LOG] An error occurred in "Tw": Failed to obtain image tile X: 3 Y: 0 Level: 3. @ https://cesium.com/downloads/cesiumjs/releases/1.120/Build/Cesium/Cesium.js:85
[    1685ms] [LOG] An error occurred in "Tw": Failed to obtain image tile X: 1 Y: 1 Level: 3. @ https://cesium.com/downloads/cesiumjs/releases/1.120/Build/Cesium/Cesium.js:85
[    1686ms] [LOG] An error occurred in "Tw": Failed to obtain image tile X: 3 Y: 0 Level: 3. @ https://cesium.com/downloads/cesiumjs/releases/1.120/Build/Cesium/Cesium.js:85
[    1686ms] [LOG] An error occurred in "Tw": Failed to obtain image tile X: 1 Y: 3 Level: 3. @ https://cesium.com/downloads/cesiumjs/releases/1.120/Build/Cesium/Cesium.js:85
[    1686ms] [LOG] An error occurred in "Tw": Failed to obtain image tile X: 1 Y: 3 Level: 3. @ https://cesium.com/downloads/cesiumjs/releases/1.120/Build/Cesium/Cesium.js:85
[    1686ms] [LOG] An error occurred in "Tw": Failed to obtain image tile X: 1 Y: 2 Level: 3. @ https://cesium.com/downloads/cesiumjs/releases/1.120/Build/Cesium/Cesium.js:85
[    1686ms] [LOG] An error occurred in "Tw": Failed to obtain image tile X: 1 Y: 2 Level: 3. @ https://cesium.com/downloads/cesiumjs/releases/1.120/Build/Cesium/Cesium.js:85
[    1686ms] [ERROR] Failed to load resource: the server responded with a status of 404 (Not Found) @ https://t1.tianditu.gov.cn/cva_w?tk=3434e0337ed4d651277ec7e690a61b4c:0
[    1687ms] [ERROR] Failed to load resource: the server responded with a status of 404 (Not Found) @ https://t2.tianditu.gov.cn/cva_w?tk=3434e0337ed4d651277ec7e690a61b4c:0
[    1687ms] [ERROR] Failed to load resource: the server responded with a status of 404 (Not Found) @ https://t3.tianditu.gov.cn/img_w?tk=3434e0337ed4d651277ec7e690a61b4c:0
[    1688ms] [ERROR] Failed to load resource: the server responded with a status of 404 (Not Found) @ https://t3.tianditu.gov.cn/cva_w?tk=3434e0337ed4d651277ec7e690a61b4c:0
[    1688ms] [ERROR] Failed to load resource: the server responded with a status of 404 (Not Found) @ https://t2.tianditu.gov.cn/img_w?tk=3434e0337ed4d651277ec7e690a61b4c:0
[    1689ms] [LOG] An error occurred in "Tw": Failed to obtain image tile X: 0 Y: 5 Level: 4. @ https://cesium.com/downloads/cesiumjs/releases/1.120/Build/Cesium/Cesium.js:85
[    1690ms] [LOG] An error occurred in "Tw": Failed to obtain image tile X: 0 Y: 6 Level: 4. @ https://cesium.com/downloads/cesiumjs/releases/1.120/Build/Cesium/Cesium.js:85
[    1691ms] [ERROR] Failed to load resource: the server responded with a status of 404 (Not Found) @ https://t4.tianditu.gov.cn/img_w?tk=3434e0337ed4d651277ec7e690a61b4c:0
[    1691ms] [ERROR] Failed to load resource: the server responded with a status of 404 (Not Found) @ https://t4.tianditu.gov.cn/cva_w?tk=3434e0337ed4d651277ec7e690a61b4c:0
[    1691ms] [ERROR] Failed to load resource: the server responded with a status of 404 (Not Found) @ https://t2.tianditu.gov.cn/cva_w?tk=3434e0337ed4d651277ec7e690a61b4c:0
[    1691ms] [ERROR] Failed to load resource: the server responded with a status of 404 (Not Found) @ https://t3.tianditu.gov.cn/img_w?tk=3434e0337ed4d651277ec7e690a61b4c:0
[    1692ms] [ERROR] Failed to load resource: the server responded with a status of 404 (Not Found) @ https://t1.tianditu.gov.cn/cva_w?tk=3434e0337ed4d651277ec7e690a61b4c:0
[    1693ms] [LOG] An error occurred in "Tw": Failed to obtain image tile X: 0 Y: 5 Level: 4. @ https://cesium.com/downloads/cesiumjs/releases/1.120/Build/Cesium/Cesium.js:85
[    1694ms] [LOG] An error occurred in "Tw": Failed to obtain image tile X: 0 Y: 6 Level: 4. @ https://cesium.com/downloads/cesiumjs/releases/1.120/Build/Cesium/Cesium.js:85
[    1694ms] [LOG] An error occurred in "Tw": Failed to obtain image tile X: 0 Y: 7 Level: 4. @ https://cesium.com/downloads/cesiumjs/releases/1.120/Build/Cesium/Cesium.js:85
[    1695ms] [LOG] An error occurred in "Tw": Failed to obtain image tile X: 0 Y: 7 Level: 4. @ https://cesium.com/downloads/cesiumjs/releases/1.120/Build/Cesium/Cesium.js:85
[    1695ms] [LOG] An error occurred in "Tw": Failed to obtain image tile X: 1 Y: 5 Level: 4. @ https://cesium.com/downloads/cesiumjs/releases/1.120/Build/Cesium/Cesium.js:85
[    1696ms] [ERROR] Failed to load resource: the server responded with a status of 404 (Not Found) @ https://t3.tianditu.gov.cn/cva_w?tk=3434e0337ed4d651277ec7e690a61b4c:0
[    1696ms] [ERROR] Failed to load resource: the server responded with a status of 404 (Not Found) @ https://t4.tianditu.gov.cn/img_w?tk=3434e0337ed4d651277ec7e690a61b4c:0
[    1696ms] [ERROR] Failed to load resource: the server responded with a status of 404 (Not Found) @ https://t4.tianditu.gov.cn/cva_w?tk=3434e0337ed4d651277ec7e690a61b4c:0
[    1697ms] [LOG] An error occurred in "Tw": Failed to obtain image tile X: 1 Y: 7 Level: 4. @ https://cesium.com/downloads/cesiumjs/releases/1.120/Build/Cesium/Cesium.js:85
[    1697ms] [LOG] An error occurred in "Tw": Failed to obtain image tile X: 1 Y: 7 Level: 4. @ https://cesium.com/downloads/cesiumjs/releases/1.120/Build/Cesium/Cesium.js:85
[    1698ms] [LOG] An error occurred in "Tw": Failed to obtain image tile X: 15 Y: 6 Level: 4. @ https://cesium.com/downloads/cesiumjs/releases/1.120/Build/Cesium/Cesium.js:85
[    1698ms] [LOG] An error occurred in "Tw": Failed to obtain image tile X: 1 Y: 5 Level: 4. @ https://cesium.com/downloads/cesiumjs/releases/1.120/Build/Cesium/Cesium.js:85
[    1699ms] [ERROR] Failed to load resource: the server responded with a status of 404 (Not Found) @ https://t3.tianditu.gov.cn/img_w?tk=3434e0337ed4d651277ec7e690a61b4c:0
[    1699ms] [LOG] An error occurred in "Tw": Failed to obtain image tile X: 1 Y: 6 Level: 4. @ https://cesium.com/downloads/cesiumjs/releases/1.120/Build/Cesium/Cesium.js:85
[    1700ms] [LOG] An error occurred in "Tw": Failed to obtain image tile X: 2 Y: 6 Level: 4. @ https://cesium.com/downloads/cesiumjs/releases/1.120/Build/Cesium/Cesium.js:85
[    1700ms] [ERROR] Failed to load resource: the server responded with a status of 404 (Not Found) @ https://t0.tianditu.gov.cn/img_w?tk=3434e0337ed4d651277ec7e690a61b4c:0
[    1700ms] [ERROR] Failed to load resource: the server responded with a status of 404 (Not Found) @ https://t3.tianditu.gov.cn/cva_w?tk=3434e0337ed4d651277ec7e690a61b4c:0
[    1701ms] [LOG] An error occurred in "Tw": Failed to obtain image tile X: 1 Y: 6 Level: 4. @ https://cesium.com/downloads/cesiumjs/releases/1.120/Build/Cesium/Cesium.js:85
[    1701ms] [LOG] An error occurred in "Tw": Failed to obtain image tile X: 2 Y: 6 Level: 4. @ https://cesium.com/downloads/cesiumjs/releases/1.120/Build/Cesium/Cesium.js:85
[    1701ms] [LOG] An error occurred in "Tw": Failed to obtain image tile X: 2 Y: 5 Level: 4. @ https://cesium.com/downloads/cesiumjs/releases/1.120/Build/Cesium/Cesium.js:85
[    1702ms] [LOG] An error occurred in "Tw": Failed to obtain image tile X: 2 Y: 5 Level: 4. @ https://cesium.com/downloads/cesiumjs/releases/1.120/Build/Cesium/Cesium.js:85
[    1703ms] [LOG] An error occurred in "Tw": Failed to obtain image tile X: 15 Y: 5 Level: 4. @ https://cesium.com/downloads/cesiumjs/releases/1.120/Build/Cesium/Cesium.js:85
[    1703ms] [ERROR] Failed to load resource: the server responded with a status of 404 (Not Found) @ https://t1.tianditu.gov.cn/img_w?tk=3434e0337ed4d651277ec7e690a61b4c:0
[    1703ms] [ERROR] Failed to load resource: the server responded with a status of 404 (Not Found) @ https://t0.tianditu.gov.cn/cva_w?tk=3434e0337ed4d651277ec7e690a61b4c:0
[    1705ms] [LOG] An error occurred in "Tw": Failed to obtain image tile X: 15 Y: 5 Level: 4. @ https://cesium.com/downloads/cesiumjs/releases/1.120/Build/Cesium/Cesium.js:85
[    1706ms] [LOG] An error occurred in "Tw": Failed to obtain image tile X: 15 Y: 6 Level: 4. @ https://cesium.com/downloads/cesiumjs/releases/1.120/Build/Cesium/Cesium.js:85
[    1751ms] [ERROR] Failed to load resource: the server responded with a status of 404 (Not Found) @ https://t4.tianditu.gov.cn/img_w?tk=3434e0337ed4d651277ec7e690a61b4c:0
[    1752ms] [ERROR] Failed to load resource: the server responded with a status of 404 (Not Found) @ https://t5.tianditu.gov.cn/img_w?tk=3434e0337ed4d651277ec7e690a61b4c:0
[    1753ms] [ERROR] Failed to load resource: the server responded with a status of 404 (Not Found) @ https://t4.tianditu.gov.cn/cva_w?tk=3434e0337ed4d651277ec7e690a61b4c:0
[    1753ms] [ERROR] Failed to load resource: the server responded with a status of 404 (Not Found) @ https://t5.tianditu.gov.cn/cva_w?tk=3434e0337ed4d651277ec7e690a61b4c:0
[    1754ms] [ERROR] Failed to load resource: the server responded with a status of 404 (Not Found) @ https://t5.tianditu.gov.cn/img_w?tk=3434e0337ed4d651277ec7e690a61b4c:0
[    1754ms] [ERROR] Failed to load resource: the server responded with a status of 404 (Not Found) @ https://t4.tianditu.gov.cn/img_w?tk=3434e0337ed4d651277ec7e690a61b4c:0
[    1755ms] [ERROR] Failed to load resource: the server responded with a status of 404 (Not Found) @ https://t6.tianditu.gov.cn/img_w?tk=3434e0337ed4d651277ec7e690a61b4c:0
[    1755ms] [ERROR] Failed to load resource: the server responded with a status of 404 (Not Found) @ https://t5.tianditu.gov.cn/cva_w?tk=3434e0337ed4d651277ec7e690a61b4c:0
[    1755ms] [ERROR] Failed to load resource: the server responded with a status of 404 (Not Found) @ https://t6.tianditu.gov.cn/cva_w?tk=3434e0337ed4d651277ec7e690a61b4c:0
[    1755ms] [LOG] An error occurred in "Tw": Failed to obtain image tile X: 7 Y: 2 Level: 3. @ https://cesium.com/downloads/cesiumjs/releases/1.120/Build/Cesium/Cesium.js:85
[    1755ms] [LOG] An error occurred in "Tw": Failed to obtain image tile X: 7 Y: 3 Level: 3. @ https://cesium.com/downloads/cesiumjs/releases/1.120/Build/Cesium/Cesium.js:85
[    1756ms] [LOG] An error occurred in "Tw": Failed to obtain image tile X: 7 Y: 2 Level: 3. @ https://cesium.com/downloads/cesiumjs/releases/1.120/Build/Cesium/Cesium.js:85
[    1756ms] [LOG] An error occurred in "Tw": Failed to obtain image tile X: 7 Y: 3 Level: 3. @ https://cesium.com/downloads/cesiumjs/releases/1.120/Build/Cesium/Cesium.js:85
[    1756ms] [ERROR] Failed to load resource: the server responded with a status of 404 (Not Found) @ https://t2.tianditu.gov.cn/img_w?tk=3434e0337ed4d651277ec7e690a61b4c:0
[    1757ms] [ERROR] Failed to load resource: the server responded with a status of 404 (Not Found) @ https://t4.tianditu.gov.cn/cva_w?tk=3434e0337ed4d651277ec7e690a61b4c:0
[    1774ms] [ERROR] Failed to load resource: the server responded with a status of 404 (Not Found) @ https://t2.tianditu.gov.cn/cva_w?tk=3434e0337ed4d651277ec7e690a61b4c:0
[    1774ms] [ERROR] Failed to load resource: the server responded with a status of 404 (Not Found) @ https://t7.tianditu.gov.cn/img_w?tk=3434e0337ed4d651277ec7e690a61b4c:0
[    1774ms] [ERROR] Failed to load resource: the server responded with a status of 404 (Not Found) @ https://t7.tianditu.gov.cn/cva_w?tk=3434e0337ed4d651277ec7e690a61b4c:0
[    1774ms] [ERROR] Failed to load resource: the server responded with a status of 404 (Not Found) @ https://t0.tianditu.gov.cn/img_w?tk=3434e0337ed4d651277ec7e690a61b4c:0
[    1775ms] [ERROR] Failed to load resource: the server responded with a status of 404 (Not Found) @ https://t0.tianditu.gov.cn/cva_w?tk=3434e0337ed4d651277ec7e690a61b4c:0
[    1775ms] [ERROR] Failed to load resource: the server responded with a status of 404 (Not Found) @ https://t1.tianditu.gov.cn/img_w?tk=3434e0337ed4d651277ec7e690a61b4c:0
[    1775ms] [ERROR] Failed to load resource: the server responded with a status of 404 (Not Found) @ https://t1.tianditu.gov.cn/cva_w?tk=3434e0337ed4d651277ec7e690a61b4c:0
[    1776ms] [ERROR] Failed to load resource: the server responded with a status of 404 (Not Found) @ https://t3.tianditu.gov.cn/img_w?tk=3434e0337ed4d651277ec7e690a61b4c:0
[    1776ms] [ERROR] Failed to load resource: the server responded with a status of 404 (Not Found) @ https://t3.tianditu.gov.cn/cva_w?tk=3434e0337ed4d651277ec7e690a61b4c:0
[    1777ms] [ERROR] Failed to load resource: the server responded with a status of 404 (Not Found) @ https://t6.tianditu.gov.cn/img_w?tk=3434e0337ed4d651277ec7e690a61b4c:0
[    1777ms] [LOG] An error occurred in "Tw": Failed to obtain image tile X: 1 Y: 1 Level: 2. @ https://cesium.com/downloads/cesiumjs/releases/1.120/Build/Cesium/Cesium.js:85
[    1778ms] [LOG] An error occurred in "Tw": Failed to obtain image tile X: 0 Y: 2 Level: 3. @ https://cesium.com/downloads/cesiumjs/releases/1.120/Build/Cesium/Cesium.js:85
[    1778ms] [LOG] An error occurred in "Tw": Failed to obtain image tile X: 1 Y: 1 Level: 2. @ https://cesium.com/downloads/cesiumjs/releases/1.120/Build/Cesium/Cesium.js:85
[    1779ms] [LOG] An error occurred in "Tw": Failed to obtain image tile X: 0 Y: 2 Level: 3. @ https://cesium.com/downloads/cesiumjs/releases/1.120/Build/Cesium/Cesium.js:85
[    1779ms] [LOG] An error occurred in "Tw": Failed to obtain image tile X: 0 Y: 3 Level: 3. @ https://cesium.com/downloads/cesiumjs/releases/1.120/Build/Cesium/Cesium.js:85
[    1780ms] [LOG] An error occurred in "Tw": Failed to obtain image tile X: 0 Y: 3 Level: 3. @ https://cesium.com/downloads/cesiumjs/releases/1.120/Build/Cesium/Cesium.js:85
[    1780ms] [LOG] An error occurred in "Tw": Failed to obtain image tile X: 15 Y: 7 Level: 4. @ https://cesium.com/downloads/cesiumjs/releases/1.120/Build/Cesium/Cesium.js:85
[    1782ms] [LOG] An error occurred in "Tw": Failed to obtain image tile X: 15 Y: 7 Level: 4. @ https://cesium.com/downloads/cesiumjs/releases/1.120/Build/Cesium/Cesium.js:85
[    1783ms] [ERROR] Failed to load resource: the server responded with a status of 404 (Not Found) @ https://t6.tianditu.gov.cn/cva_w?tk=3434e0337ed4d651277ec7e690a61b4c:0
[    1783ms] [LOG] An error occurred in "Tw": Failed to obtain image tile X: 15 Y: 4 Level: 4. @ https://cesium.com/downloads/cesiumjs/releases/1.120/Build/Cesium/Cesium.js:85
[    1784ms] [LOG] An error occurred in "Tw": Failed to obtain image tile X: 15 Y: 4 Level: 4. @ https://cesium.com/downloads/cesiumjs/releases/1.120/Build/Cesium/Cesium.js:85
[    1784ms] [ERROR] Failed to load resource: the server responded with a status of 404 (Not Found) @ https://t2.tianditu.gov.cn/img_w?tk=3434e0337ed4d651277ec7e690a61b4c:0
[    1785ms] [LOG] An error occurred in "Tw": Failed to obtain image tile X: 14 Y: 6 Level: 4. @ https://cesium.com/downloads/cesiumjs/releases/1.120/Build/Cesium/Cesium.js:85
[    1785ms] [ERROR] Failed to load resource: the server responded with a status of 404 (Not Found) @ https://t5.tianditu.gov.cn/img_w?tk=3434e0337ed4d651277ec7e690a61b4c:0
[    1786ms] [ERROR] Failed to load resource: the server responded with a status of 404 (Not Found) @ https://t2.tianditu.gov.cn/cva_w?tk=3434e0337ed4d651277ec7e690a61b4c:0
[    1786ms] [ERROR] Failed to load resource: the server responded with a status of 404 (Not Found) @ https://t5.tianditu.gov.cn/cva_w?tk=3434e0337ed4d651277ec7e690a61b4c:0
[    1787ms] [ERROR] Failed to load resource: the server responded with a status of 404 (Not Found) @ https://t7.tianditu.gov.cn/img_w?tk=3434e0337ed4d651277ec7e690a61b4c:0
[    1787ms] [ERROR] Failed to load resource: the server responded with a status of 404 (Not Found) @ https://t7.tianditu.gov.cn/cva_w?tk=3434e0337ed4d651277ec7e690a61b4c:0
[    1788ms] [LOG] An error occurred in "Tw": Failed to obtain image tile X: 15 Y: 3 Level: 4. @ https://cesium.com/downloads/cesiumjs/releases/1.120/Build/Cesium/Cesium.js:85
[    1788ms] [ERROR] Failed to load resource: the server responded with a status of 404 (Not Found) @ https://t0.tianditu.gov.cn/img_w?tk=3434e0337ed4d651277ec7e690a61b4c:0
[    1789ms] [LOG] An error occurred in "Tw": Failed to obtain image tile X: 14 Y: 6 Level: 4. @ https://cesium.com/downloads/cesiumjs/releases/1.120/Build/Cesium/Cesium.js:85
[    1789ms] [LOG] An error occurred in "Tw": Failed to obtain image tile X: 15 Y: 3 Level: 4. @ https://cesium.com/downloads/cesiumjs/releases/1.120/Build/Cesium/Cesium.js:85
[    1789ms] [LOG] An error occurred in "Tw": Failed to obtain image tile X: 0 Y: 0 Level: 2. @ https://cesium.com/downloads/cesiumjs/releases/1.120/Build/Cesium/Cesium.js:85
[    1789ms] [LOG] An error occurred in "Tw": Failed to obtain image tile X: 14 Y: 3 Level: 4. @ https://cesium.com/downloads/cesiumjs/releases/1.120/Build/Cesium/Cesium.js:85
[    1792ms] [ERROR] Failed to load resource: the server responded with a status of 404 (Not Found) @ https://t6.tianditu.gov.cn/img_w?tk=3434e0337ed4d651277ec7e690a61b4c:0
[    1793ms] [LOG] An error occurred in "Tw": Failed to obtain image tile X: 0 Y: 0 Level: 2. @ https://cesium.com/downloads/cesiumjs/releases/1.120/Build/Cesium/Cesium.js:85
[    1793ms] [LOG] An error occurred in "Tw": Failed to obtain image tile X: 14 Y: 3 Level: 4. @ https://cesium.com/downloads/cesiumjs/releases/1.120/Build/Cesium/Cesium.js:85
[    1793ms] [ERROR] Failed to load resource: the server responded with a status of 404 (Not Found) @ https://t0.tianditu.gov.cn/cva_w?tk=3434e0337ed4d651277ec7e690a61b4c:0
[    1793ms] [ERROR] Failed to load resource: the server responded with a status of 404 (Not Found) @ https://t6.tianditu.gov.cn/cva_w?tk=3434e0337ed4d651277ec7e690a61b4c:0
[    1794ms] [LOG] An error occurred in "Tw": Failed to obtain image tile X: 14 Y: 5 Level: 4. @ https://cesium.com/downloads/cesiumjs/releases/1.120/Build/Cesium/Cesium.js:85
[    1794ms] [ERROR] Failed to load resource: the server responded with a status of 404 (Not Found) @ https://t2.tianditu.gov.cn/img_w?tk=3434e0337ed4d651277ec7e690a61b4c:0
[    1795ms] [LOG] An error occurred in "Tw": Failed to obtain image tile X: 14 Y: 5 Level: 4. @ https://cesium.com/downloads/cesiumjs/releases/1.120/Build/Cesium/Cesium.js:85
[    1797ms] [ERROR] Failed to load resource: the server responded with a status of 404 (Not Found) @ https://t5.tianditu.gov.cn/img_w?tk=3434e0337ed4d651277ec7e690a61b4c:0
[    1798ms] [ERROR] Failed to load resource: the server responded with a status of 404 (Not Found) @ https://t2.tianditu.gov.cn/cva_w?tk=3434e0337ed4d651277ec7e690a61b4c:0
[    1799ms] [LOG] An error occurred in "Tw": Failed to obtain image tile X: 0 Y: 4 Level: 4. @ https://cesium.com/downloads/cesiumjs/releases/1.120/Build/Cesium/Cesium.js:85
[    1800ms] [ERROR] Failed to load resource: the server responded with a status of 404 (Not Found) @ https://t5.tianditu.gov.cn/cva_w?tk=3434e0337ed4d651277ec7e690a61b4c:0
[    1801ms] [LOG] An error occurred in "Tw": Failed to obtain image tile X: 1 Y: 4 Level: 4. @ https://cesium.com/downloads/cesiumjs/releases/1.120/Build/Cesium/Cesium.js:85
[    1802ms] [ERROR] Failed to load resource: the server responded with a status of 404 (Not Found) @ https://t4.tianditu.gov.cn/cva_w?tk=3434e0337ed4d651277ec7e690a61b4c:0
[    1803ms] [LOG] An error occurred in "Tw": Failed to obtain image tile X: 1 Y: 4 Level: 4. @ https://cesium.com/downloads/cesiumjs/releases/1.120/Build/Cesium/Cesium.js:85
[    1803ms] [ERROR] Failed to load resource: the server responded with a status of 404 (Not Found) @ https://t7.tianditu.gov.cn/img_w?tk=3434e0337ed4d651277ec7e690a61b4c:0
[    1803ms] [ERROR] Failed to load resource: the server responded with a status of 404 (Not Found) @ https://t7.tianditu.gov.cn/cva_w?tk=3434e0337ed4d651277ec7e690a61b4c:0
[    1804ms] [LOG] An error occurred in "Tw": Failed to obtain image tile X: 3 Y: 1 Level: 2. @ https://cesium.com/downloads/cesiumjs/releases/1.120/Build/Cesium/Cesium.js:85
[    1805ms] [LOG] An error occurred in "Tw": Failed to obtain image tile X: 0 Y: 1 Level: 2. @ https://cesium.com/downloads/cesiumjs/releases/1.120/Build/Cesium/Cesium.js:85
[    1806ms] [ERROR] Failed to load resource: the server responded with a status of 404 (Not Found) @ https://t0.tianditu.gov.cn/img_w?tk=3434e0337ed4d651277ec7e690a61b4c:0
[    1807ms] [LOG] An error occurred in "Tw": Failed to obtain image tile X: 3 Y: 1 Level: 2. @ https://cesium.com/downloads/cesiumjs/releases/1.120/Build/Cesium/Cesium.js:85
[    1807ms] [ERROR] Failed to load resource: the server responded with a status of 404 (Not Found) @ https://t1.tianditu.gov.cn/img_w?tk=3434e0337ed4d651277ec7e690a61b4c:0
[    1807ms] [ERROR] Failed to load resource: the server responded with a status of 404 (Not Found) @ https://t1.tianditu.gov.cn/cva_w?tk=3434e0337ed4d651277ec7e690a61b4c:0
[    1807ms] [ERROR] Failed to load resource: the server responded with a status of 404 (Not Found) @ https://t6.tianditu.gov.cn/img_w?tk=3434e0337ed4d651277ec7e690a61b4c:0
[    1808ms] [LOG] An error occurred in "Tw": Failed to obtain image tile X: 0 Y: 9 Level: 4. @ https://cesium.com/downloads/cesiumjs/releases/1.120/Build/Cesium/Cesium.js:85
[    1809ms] [ERROR] Failed to load resource: the server responded with a status of 404 (Not Found) @ https://t3.tianditu.gov.cn/img_w?tk=3434e0337ed4d651277ec7e690a61b4c:0
[    1810ms] [ERROR] Failed to load resource: the server responded with a status of 404 (Not Found) @ https://t6.tianditu.gov.cn/cva_w?tk=3434e0337ed4d651277ec7e690a61b4c:0
[    1812ms] [LOG] An error occurred in "Tw": Failed to obtain image tile X: 15 Y: 9 Level: 4. @ https://cesium.com/downloads/cesiumjs/releases/1.120/Build/Cesium/Cesium.js:85
[    1813ms] [LOG] An error occurred in "Tw": Failed to obtain image tile X: 0 Y: 9 Level: 4. @ https://cesium.com/downloads/cesiumjs/releases/1.120/Build/Cesium/Cesium.js:85
[    1815ms] [LOG] An error occurred in "Tw": Failed to obtain image tile X: 14 Y: 8 Level: 4. @ https://cesium.com/downloads/cesiumjs/releases/1.120/Build/Cesium/Cesium.js:85
[    1816ms] [LOG] An error occurred in "Tw": Failed to obtain image tile X: 14 Y: 8 Level: 4. @ https://cesium.com/downloads/cesiumjs/releases/1.120/Build/Cesium/Cesium.js:85
[    1817ms] [LOG] An error occurred in "Tw": Failed to obtain image tile X: 0 Y: 3 Level: 4. @ https://cesium.com/downloads/cesiumjs/releases/1.120/Build/Cesium/Cesium.js:85
[    1818ms] [LOG] An error occurred in "Tw": Failed to obtain image tile X: 0 Y: 3 Level: 4. @ https://cesium.com/downloads/cesiumjs/releases/1.120/Build/Cesium/Cesium.js:85
[    1818ms] [ERROR] Failed to load resource: the server responded with a status of 404 (Not Found) @ https://t4.tianditu.gov.cn/cva_w?tk=3434e0337ed4d651277ec7e690a61b4c:0
[    1819ms] [LOG] An error occurred in "Tw": Failed to obtain image tile X: 1 Y: 3 Level: 4. @ https://cesium.com/downloads/cesiumjs/releases/1.120/Build/Cesium/Cesium.js:85
[    1820ms] [LOG] An error occurred in "Tw": Failed to obtain image tile X: 14 Y: 4 Level: 4. @ https://cesium.com/downloads/cesiumjs/releases/1.120/Build/Cesium/Cesium.js:85
[    1821ms] [LOG] An error occurred in "Tw": Failed to obtain image tile X: 0 Y: 4 Level: 4. @ https://cesium.com/downloads/cesiumjs/releases/1.120/Build/Cesium/Cesium.js:85
[    1822ms] [LOG] An error occurred in "Tw": Failed to obtain image tile X: 14 Y: 4 Level: 4. @ https://cesium.com/downloads/cesiumjs/releases/1.120/Build/Cesium/Cesium.js:85
[    1823ms] [LOG] An error occurred in "Tw": Failed to obtain image tile X: 14 Y: 7 Level: 4. @ https://cesium.com/downloads/cesiumjs/releases/1.120/Build/Cesium/Cesium.js:85
[    1824ms] [LOG] An error occurred in "Tw": Failed to obtain image tile X: 0 Y: 8 Level: 4. @ https://cesium.com/downloads/cesiumjs/releases/1.120/Build/Cesium/Cesium.js:85
[    1825ms] [LOG] An error occurred in "Tw": Failed to obtain image tile X: 14 Y: 7 Level: 4. @ https://cesium.com/downloads/cesiumjs/releases/1.120/Build/Cesium/Cesium.js:85
[    1826ms] [ERROR] Failed to load resource: the server responded with a status of 404 (Not Found) @ https://t0.tianditu.gov.cn/cva_w?tk=3434e0337ed4d651277ec7e690a61b4c:0
[    1827ms] [LOG] An error occurred in "Tw": Failed to obtain image tile X: 1 Y: 0 Level: 2. @ https://cesium.com/downloads/cesiumjs/releases/1.120/Build/Cesium/Cesium.js:85
[    1828ms] [ERROR] Failed to load resource: the server responded with a status of 404 (Not Found) @ https://t3.tianditu.gov.cn/img_w?tk=3434e0337ed4d651277ec7e690a61b4c:0
[    1830ms] [LOG] An error occurred in "Tw": Failed to obtain image tile X: 1 Y: 3 Level: 4. @ https://cesium.com/downloads/cesiumjs/releases/1.120/Build/Cesium/Cesium.js:85
[    1831ms] [LOG] An error occurred in "Tw": Failed to obtain image tile X: 15 Y: 8 Level: 4. @ https://cesium.com/downloads/cesiumjs/releases/1.120/Build/Cesium/Cesium.js:85
[    1832ms] [LOG] An error occurred in "Tw": Failed to obtain image tile X: 0 Y: 1 Level: 2. @ https://cesium.com/downloads/cesiumjs/releases/1.120/Build/Cesium/Cesium.js:85
[    1834ms] [ERROR] Failed to load resource: the server responded with a status of 404 (Not Found) @ https://t3.tianditu.gov.cn/img_w?tk=3434e0337ed4d651277ec7e690a61b4c:0
[    1834ms] [ERROR] Failed to load resource: the server responded with a status of 404 (Not Found) @ https://t3.tianditu.gov.cn/cva_w?tk=3434e0337ed4d651277ec7e690a61b4c:0
[    1835ms] [ERROR] Failed to load resource: the server responded with a status of 404 (Not Found) @ https://t4.tianditu.gov.cn/img_w?tk=3434e0337ed4d651277ec7e690a61b4c:0
[    1837ms] [LOG] An error occurred in "Tw": Failed to obtain image tile X: 14 Y: 9 Level: 4. @ https://cesium.com/downloads/cesiumjs/releases/1.120/Build/Cesium/Cesium.js:85
[    1838ms] [LOG] An error occurred in "Tw": Failed to obtain image tile X: 1 Y: 0 Level: 2. @ https://cesium.com/downloads/cesiumjs/releases/1.120/Build/Cesium/Cesium.js:85
[    1838ms] [ERROR] Failed to load resource: the server responded with a status of 404 (Not Found) @ https://t3.tianditu.gov.cn/cva_w?tk=3434e0337ed4d651277ec7e690a61b4c:0
[    1840ms] [LOG] An error occurred in "Tw": Failed to obtain image tile X: 15 Y: 9 Level: 4. @ https://cesium.com/downloads/cesiumjs/releases/1.120/Build/Cesium/Cesium.js:85
[    1841ms] [ERROR] Failed to load resource: the server responded with a status of 404 (Not Found) @ https://t4.tianditu.gov.cn/img_w?tk=3434e0337ed4d651277ec7e690a61b4c:0
[    1842ms] [LOG] An error occurred in "Tw": Failed to obtain image tile X: 15 Y: 8 Level: 4. @ https://cesium.com/downloads/cesiumjs/releases/1.120/Build/Cesium/Cesium.js:85
[    1842ms] [ERROR] Failed to load resource: the server responded with a status of 404 (Not Found) @ https://t3.tianditu.gov.cn/cva_w?tk=3434e0337ed4d651277ec7e690a61b4c:0
[    1843ms] [LOG] An error occurred in "Tw": Failed to obtain image tile X: 0 Y: 8 Level: 4. @ https://cesium.com/downloads/cesiumjs/releases/1.120/Build/Cesium/Cesium.js:85
[    1844ms] [LOG] An error occurred in "Tw": Failed to obtain image tile X: 14 Y: 9 Level: 4. @ https://cesium.com/downloads/cesiumjs/releases/1.120/Build/Cesium/Cesium.js:85
[    1860ms] [ERROR] Failed to load resource: the server responded with a status of 404 (Not Found) @ https://t3.tianditu.gov.cn/img_w?tk=3434e0337ed4d651277ec7e690a61b4c:0
[    1860ms] [ERROR] Failed to load resource: the server responded with a status of 404 (Not Found) @ https://t3.tianditu.gov.cn/cva_w?tk=3434e0337ed4d651277ec7e690a61b4c:0
[    1861ms] [ERROR] Failed to load resource: the server responded with a status of 404 (Not Found) @ https://t4.tianditu.gov.cn/img_w?tk=3434e0337ed4d651277ec7e690a61b4c:0
[    1861ms] [ERROR] Failed to load resource: the server responded with a status of 404 (Not Found) @ https://t4.tianditu.gov.cn/cva_w?tk=3434e0337ed4d651277ec7e690a61b4c:0
[    1861ms] [ERROR] Failed to load resource: the server responded with a status of 404 (Not Found) @ https://t6.tianditu.gov.cn/img_w?tk=3434e0337ed4d651277ec7e690a61b4c:0
[    1861ms] [ERROR] Failed to load resource: the server responded with a status of 404 (Not Found) @ https://t6.tianditu.gov.cn/cva_w?tk=3434e0337ed4d651277ec7e690a61b4c:0
[    1862ms] [ERROR] Failed to load resource: the server responded with a status of 404 (Not Found) @ https://t7.tianditu.gov.cn/img_w?tk=3434e0337ed4d651277ec7e690a61b4c:0
[    1862ms] [ERROR] Failed to load resource: the server responded with a status of 404 (Not Found) @ https://t7.tianditu.gov.cn/cva_w?tk=3434e0337ed4d651277ec7e690a61b4c:0
[    1864ms] [LOG] An error occurred in "Tw": Failed to obtain image tile X: 7 Y: 1 Level: 3. @ https://cesium.com/downloads/cesiumjs/releases/1.120/Build/Cesium/Cesium.js:85
[    1867ms] [LOG] An error occurred in "Tw": Failed to obtain image tile X: 7 Y: 1 Level: 3. @ https://cesium.com/downloads/cesiumjs/releases/1.120/Build/Cesium/Cesium.js:85
[    1869ms] [LOG] An error occurred in "Tw": Failed to obtain image tile X: 0 Y: 1 Level: 3. @ https://cesium.com/downloads/cesiumjs/releases/1.120/Build/Cesium/Cesium.js:85
[    1871ms] [LOG] An error occurred in "Tw": Failed to obtain image tile X: 0 Y: 1 Level: 3. @ https://cesium.com/downloads/cesiumjs/releases/1.120/Build/Cesium/Cesium.js:85
[    1871ms] [ERROR] Failed to load resource: the server responded with a status of 404 (Not Found) @ https://t4.tianditu.gov.cn/img_w?tk=3434e0337ed4d651277ec7e690a61b4c:0
[    1872ms] [LOG] An error occurred in "Tw": Failed to obtain image tile X: 7 Y: 4 Level: 3. @ https://cesium.com/downloads/cesiumjs/releases/1.120/Build/Cesium/Cesium.js:85
[    1873ms] [ERROR] Failed to load resource: the server responded with a status of 404 (Not Found) @ https://t4.tianditu.gov.cn/cva_w?tk=3434e0337ed4d651277ec7e690a61b4c:0
[    1874ms] [ERROR] Failed to load resource: the server responded with a status of 404 (Not Found) @ https://t6.tianditu.gov.cn/img_w?tk=3434e0337ed4d651277ec7e690a61b4c:0
[    1875ms] [LOG] An error occurred in "Tw": Failed to obtain image tile X: 7 Y: 4 Level: 3. @ https://cesium.com/downloads/cesiumjs/releases/1.120/Build/Cesium/Cesium.js:85
[    1875ms] [ERROR] Failed to load resource: the server responded with a status of 404 (Not Found) @ https://t6.tianditu.gov.cn/cva_w?tk=3434e0337ed4d651277ec7e690a61b4c:0
[    1877ms] [LOG] An error occurred in "Tw": Failed to obtain image tile X: 13 Y: 6 Level: 4. @ https://cesium.com/downloads/cesiumjs/releases/1.120/Build/Cesium/Cesium.js:85
[    1878ms] [ERROR] Failed to load resource: the server responded with a status of 404 (Not Found) @ https://t7.tianditu.gov.cn/img_w?tk=3434e0337ed4d651277ec7e690a61b4c:0
[    1879ms] [LOG] An error occurred in "Tw": Failed to obtain image tile X: 13 Y: 3 Level: 4. @ https://cesium.com/downloads/cesiumjs/releases/1.120/Build/Cesium/Cesium.js:85
[    1882ms] [LOG] An error occurred in "Tw": Failed to obtain image tile X: 13 Y: 6 Level: 4. @ https://cesium.com/downloads/cesiumjs/releases/1.120/Build/Cesium/Cesium.js:85
[    1883ms] [ERROR] Failed to load resource: the server responded with a status of 404 (Not Found) @ https://t7.tianditu.gov.cn/cva_w?tk=3434e0337ed4d651277ec7e690a61b4c:0
[    1894ms] [ERROR] Failed to load resource: the server responded with a status of 404 (Not Found) @ https://t6.tianditu.gov.cn/cva_w?tk=3434e0337ed4d651277ec7e690a61b4c:0
[    1895ms] [ERROR] Failed to load resource: the server responded with a status of 404 (Not Found) @ https://t5.tianditu.gov.cn/img_w?tk=3434e0337ed4d651277ec7e690a61b4c:0
[    1895ms] [ERROR] Failed to load resource: the server responded with a status of 404 (Not Found) @ https://t6.tianditu.gov.cn/img_w?tk=3434e0337ed4d651277ec7e690a61b4c:0
[    1895ms] [LOG] An error occurred in "Tw": Failed to obtain image tile X: 13 Y: 3 Level: 4. @ https://cesium.com/downloads/cesiumjs/releases/1.120/Build/Cesium/Cesium.js:85
[    1895ms] [LOG] An error occurred in "Tw": Failed to obtain image tile X: 13 Y: 5 Level: 4. @ https://cesium.com/downloads/cesiumjs/releases/1.120/Build/Cesium/Cesium.js:85
[    1896ms] [LOG] An error occurred in "Tw": Failed to obtain image tile X: 13 Y: 5 Level: 4. @ https://cesium.com/downloads/cesiumjs/releases/1.120/Build/Cesium/Cesium.js:85
[    1896ms] [LOG] An error occurred in "Tw": Failed to obtain image tile X: 0 Y: 4 Level: 3. @ https://cesium.com/downloads/cesiumjs/releases/1.120/Build/Cesium/Cesium.js:85
[    1896ms] [ERROR] Failed to load resource: the server responded with a status of 404 (Not Found) @ https://t6.tianditu.gov.cn/cva_w?tk=3434e0337ed4d651277ec7e690a61b4c:0
[    1896ms] [ERROR] Failed to load resource: the server responded with a status of 404 (Not Found) @ https://t5.tianditu.gov.cn/cva_w?tk=3434e0337ed4d651277ec7e690a61b4c:0
[    1896ms] [LOG] An error occurred in "Tw": Failed to obtain image tile X: 1 Y: 9 Level: 4. @ https://cesium.com/downloads/cesiumjs/releases/1.120/Build/Cesium/Cesium.js:85
[    1897ms] [LOG] An error occurred in "Tw": Failed to obtain image tile X: 1 Y: 9 Level: 4. @ https://cesium.com/downloads/cesiumjs/releases/1.120/Build/Cesium/Cesium.js:85
[    1898ms] [LOG] An error occurred in "Tw": Failed to obtain image tile X: 0 Y: 4 Level: 3. @ https://cesium.com/downloads/cesiumjs/releases/1.120/Build/Cesium/Cesium.js:85
[    1899ms] [ERROR] Failed to load resource: the server responded with a status of 404 (Not Found) @ https://t7.tianditu.gov.cn/cva_w?tk=3434e0337ed4d651277ec7e690a61b4c:0
[    1901ms] [LOG] An error occurred in "Tw": Failed to obtain image tile X: 6 Y: 5 Level: 3. @ https://cesium.com/downloads/cesiumjs/releases/1.120/Build/Cesium/Cesium.js:85
[    1903ms] [LOG] An error occurred in "Tw": Failed to obtain image tile X: 13 Y: 4 Level: 4. @ https://cesium.com/downloads/cesiumjs/releases/1.120/Build/Cesium/Cesium.js:85
[    1904ms] [LOG] An error occurred in "Tw": Failed to obtain image tile X: 13 Y: 4 Level: 4. @ https://cesium.com/downloads/cesiumjs/releases/1.120/Build/Cesium/Cesium.js:85
[    1904ms] [ERROR] Failed to load resource: the server responded with a status of 404 (Not Found) @ https://t6.tianditu.gov.cn/img_w?tk=3434e0337ed4d651277ec7e690a61b4c:0
[    1905ms] [ERROR] Failed to load resource: the server responded with a status of 404 (Not Found) @ https://t6.tianditu.gov.cn/cva_w?tk=3434e0337ed4d651277ec7e690a61b4c:0
[    1905ms] [ERROR] Failed to load resource: the server responded with a status of 404 (Not Found) @ https://t5.tianditu.gov.cn/cva_w?tk=3434e0337ed4d651277ec7e690a61b4c:0
[    1905ms] [ERROR] Failed to load resource: the server responded with a status of 404 (Not Found) @ https://t5.tianditu.gov.cn/img_w?tk=3434e0337ed4d651277ec7e690a61b4c:0
[    1907ms] [LOG] An error occurred in "Tw": Failed to obtain image tile X: 3 Y: 2 Level: 2. @ https://cesium.com/downloads/cesiumjs/releases/1.120/Build/Cesium/Cesium.js:85
[    1907ms] [ERROR] Failed to load resource: the server responded with a status of 404 (Not Found) @ https://t7.tianditu.gov.cn/img_w?tk=3434e0337ed4d651277ec7e690a61b4c:0
[    1908ms] [LOG] An error occurred in "Tw": Failed to obtain image tile X: 6 Y: 5 Level: 3. @ https://cesium.com/downloads/cesiumjs/releases/1.120/Build/Cesium/Cesium.js:85
[    1909ms] [ERROR] Failed to load resource: the server responded with a status of 404 (Not Found) @ https://t4.tianditu.gov.cn/img_w?tk=3434e0337ed4d651277ec7e690a61b4c:0
[    1909ms] [ERROR] Failed to load resource: the server responded with a status of 404 (Not Found) @ https://t4.tianditu.gov.cn/cva_w?tk=3434e0337ed4d651277ec7e690a61b4c:0
[    1910ms] [ERROR] Failed to load resource: the server responded with a status of 404 (Not Found) @ https://t0.tianditu.gov.cn/img_w?tk=3434e0337ed4d651277ec7e690a61b4c:0
[    1911ms] [ERROR] Failed to load resource: the server responded with a status of 404 (Not Found) @ https://t0.tianditu.gov.cn/cva_w?tk=3434e0337ed4d651277ec7e690a61b4c:0
[    1911ms] [ERROR] Failed to load resource: the server responded with a status of 404 (Not Found) @ https://t2.tianditu.gov.cn/img_w?tk=3434e0337ed4d651277ec7e690a61b4c:0
[    1912ms] [ERROR] Failed to load resource: the server responded with a status of 404 (Not Found) @ https://t6.tianditu.gov.cn/img_w?tk=3434e0337ed4d651277ec7e690a61b4c:0
[    1912ms] [ERROR] Failed to load resource: the server responded with a status of 404 (Not Found) @ https://t3.tianditu.gov.cn/img_w?tk=3434e0337ed4d651277ec7e690a61b4c:0
[    1913ms] [LOG] An error occurred in "Tw": Failed to obtain image tile X: 12 Y: 6 Level: 4. @ https://cesium.com/downloads/cesiumjs/releases/1.120/Build/Cesium/Cesium.js:85
[    1913ms] [ERROR] Failed to load resource: the server responded with a status of 404 (Not Found) @ https://t3.tianditu.gov.cn/cva_w?tk=3434e0337ed4d651277ec7e690a61b4c:0
[    1914ms] [ERROR] Failed to load resource: the server responded with a status of 404 (Not Found) @ https://t1.tianditu.gov.cn/img_w?tk=3434e0337ed4d651277ec7e690a61b4c:0
[    1915ms] [LOG] An error occurred in "Tw": Failed to obtain image tile X: 1 Y: 8 Level: 4. @ https://cesium.com/downloads/cesiumjs/releases/1.120/Build/Cesium/Cesium.js:85
[    1915ms] [ERROR] Failed to load resource: the server responded with a status of 404 (Not Found) @ https://t1.tianditu.gov.cn/cva_w?tk=3434e0337ed4d651277ec7e690a61b4c:0
[    1915ms] [ERROR] Failed to load resource: the server responded with a status of 404 (Not Found) @ https://t5.tianditu.gov.cn/img_w?tk=3434e0337ed4d651277ec7e690a61b4c:0
[    1916ms] [LOG] An error occurred in "Tw": Failed to obtain image tile X: 3 Y: 2 Level: 2. @ https://cesium.com/downloads/cesiumjs/releases/1.120/Build/Cesium/Cesium.js:85
[    1917ms] [LOG] An error occurred in "Tw": Failed to obtain image tile X: 1 Y: 8 Level: 4. @ https://cesium.com/downloads/cesiumjs/releases/1.120/Build/Cesium/Cesium.js:85
[    1919ms] [LOG] An error occurred in "Tw": Failed to obtain image tile X: 12 Y: 6 Level: 4. @ https://cesium.com/downloads/cesiumjs/releases/1.120/Build/Cesium/Cesium.js:85
[    1920ms] [ERROR] Failed to load resource: the server responded with a status of 404 (Not Found) @ https://t5.tianditu.gov.cn/cva_w?tk=3434e0337ed4d651277ec7e690a61b4c:0
[    1921ms] [LOG] An error occurred in "Tw": Failed to obtain image tile X: 6 Y: 4 Level: 3. @ https://cesium.com/downloads/cesiumjs/releases/1.120/Build/Cesium/Cesium.js:85
[    1922ms] [LOG] An error occurred in "Tw": Failed to obtain image tile X: 6 Y: 3 Level: 3. @ https://cesium.com/downloads/cesiumjs/releases/1.120/Build/Cesium/Cesium.js:85
[    1922ms] [LOG] An error occurred in "Tw": Failed to obtain image tile X: 6 Y: 3 Level: 3. @ https://cesium.com/downloads/cesiumjs/releases/1.120/Build/Cesium/Cesium.js:85
[    1923ms] [LOG] An error occurred in "Tw": Failed to obtain image tile X: 13 Y: 7 Level: 4. @ https://cesium.com/downloads/cesiumjs/releases/1.120/Build/Cesium/Cesium.js:85
[    1924ms] [LOG] An error occurred in "Tw": Failed to obtain image tile X: 13 Y: 7 Level: 4. @ https://cesium.com/downloads/cesiumjs/releases/1.120/Build/Cesium/Cesium.js:85
[    1925ms] [LOG] An error occurred in "Tw": Failed to obtain image tile X: 6 Y: 1 Level: 3. @ https://cesium.com/downloads/cesiumjs/releases/1.120/Build/Cesium/Cesium.js:85
[    1926ms] [LOG] An error occurred in "Tw": Failed to obtain image tile X: 12 Y: 3 Level: 4. @ https://cesium.com/downloads/cesiumjs/releases/1.120/Build/Cesium/Cesium.js:85
[    1926ms] [LOG] An error occurred in "Tw": Failed to obtain image tile X: 12 Y: 3 Level: 4. @ https://cesium.com/downloads/cesiumjs/releases/1.120/Build/Cesium/Cesium.js:85
[    1927ms] [LOG] An error occurred in "Tw": Failed to obtain image tile X: 2 Y: 3 Level: 4. @ https://cesium.com/downloads/cesiumjs/releases/1.120/Build/Cesium/Cesium.js:85
[    1927ms] [ERROR] Failed to load resource: the server responded with a status of 404 (Not Found) @ https://t5.tianditu.gov.cn/img_w?tk=3434e0337ed4d651277ec7e690a61b4c:0
[    1928ms] [LOG] An error occurred in "Tw": Failed to obtain image tile X: 2 Y: 3 Level: 4. @ https://cesium.com/downloads/cesiumjs/releases/1.120/Build/Cesium/Cesium.js:85
[    1928ms] [ERROR] Failed to load resource: the server responded with a status of 404 (Not Found) @ https://t4.tianditu.gov.cn/img_w?tk=3434e0337ed4d651277ec7e690a61b4c:0
[    1929ms] [ERROR] Failed to load resource: the server responded with a status of 404 (Not Found) @ https://t4.tianditu.gov.cn/cva_w?tk=3434e0337ed4d651277ec7e690a61b4c:0
[    1929ms] [ERROR] Failed to load resource: the server responded with a status of 404 (Not Found) @ https://t2.tianditu.gov.cn/img_w?tk=3434e0337ed4d651277ec7e690a61b4c:0
[    1930ms] [LOG] An error occurred in "Tw": Failed to obtain image tile X: 3 Y: 0 Level: 2. @ https://cesium.com/downloads/cesiumjs/releases/1.120/Build/Cesium/Cesium.js:85
[    1930ms] [ERROR] Failed to load resource: the server responded with a status of 404 (Not Found) @ https://t5.tianditu.gov.cn/img_w?tk=3434e0337ed4d651277ec7e690a61b4c:0
[    1931ms] [LOG] An error occurred in "Tw": Failed to obtain image tile X: 6 Y: 4 Level: 3. @ https://cesium.com/downloads/cesiumjs/releases/1.120/Build/Cesium/Cesium.js:85
[    1932ms] [LOG] An error occurred in "Tw": Failed to obtain image tile X: 12 Y: 4 Level: 4. @ https://cesium.com/downloads/cesiumjs/releases/1.120/Build/Cesium/Cesium.js:85
[    1933ms] [LOG] An error occurred in "Tw": Failed to obtain image tile X: 12 Y: 4 Level: 4. @ https://cesium.com/downloads/cesiumjs/releases/1.120/Build/Cesium/Cesium.js:85
[    1934ms] [LOG] An error occurred in "Tw": Failed to obtain image tile X: 2 Y: 4 Level: 4. @ https://cesium.com/downloads/cesiumjs/releases/1.120/Build/Cesium/Cesium.js:85
[    1936ms] [ERROR] Failed to load resource: the server responded with a status of 404 (Not Found) @ https://t5.tianditu.gov.cn/cva_w?tk=3434e0337ed4d651277ec7e690a61b4c:0
[    1938ms] [LOG] An error occurred in "Tw": Failed to obtain image tile X: 12 Y: 5 Level: 4. @ https://cesium.com/downloads/cesiumjs/releases/1.120/Build/Cesium/Cesium.js:85
[    1939ms] [LOG] An error occurred in "Tw": Failed to obtain image tile X: 3 Y: 0 Level: 2. @ https://cesium.com/downloads/cesiumjs/releases/1.120/Build/Cesium/Cesium.js:85
[    1939ms] [ERROR] Failed to load resource: the server responded with a status of 404 (Not Found) @ https://t2.tianditu.gov.cn/cva_w?tk=3434e0337ed4d651277ec7e690a61b4c:0
[    1940ms] [ERROR] Failed to load resource: the server responded with a status of 404 (Not Found) @ https://t5.tianditu.gov.cn/cva_w?tk=3434e0337ed4d651277ec7e690a61b4c:0
[    1942ms] [LOG] An error occurred in "Tw": Failed to obtain image tile X: 12 Y: 5 Level: 4. @ https://cesium.com/downloads/cesiumjs/releases/1.120/Build/Cesium/Cesium.js:85
[    1942ms] [LOG] An error occurred in "Tw": Failed to obtain image tile X: 2 Y: 4 Level: 4. @ https://cesium.com/downloads/cesiumjs/releases/1.120/Build/Cesium/Cesium.js:85
[    1972ms] [ERROR] Failed to load resource: the server responded with a status of 404 (Not Found) @ https://t4.tianditu.gov.cn/img_w?tk=3434e0337ed4d651277ec7e690a61b4c:0
[    1972ms] [ERROR] Failed to load resource: the server responded with a status of 404 (Not Found) @ https://t4.tianditu.gov.cn/cva_w?tk=3434e0337ed4d651277ec7e690a61b4c:0
[    1972ms] [ERROR] Failed to load resource: the server responded with a status of 404 (Not Found) @ https://t1.tianditu.gov.cn/img_w?tk=3434e0337ed4d651277ec7e690a61b4c:0
[    1972ms] [ERROR] Failed to load resource: the server responded with a status of 404 (Not Found) @ https://t2.tianditu.gov.cn/img_w?tk=3434e0337ed4d651277ec7e690a61b4c:0
[    1972ms] [ERROR] Failed to load resource: the server responded with a status of 404 (Not Found) @ https://t1.tianditu.gov.cn/cva_w?tk=3434e0337ed4d651277ec7e690a61b4c:0
[    1973ms] [LOG] An error occurred in "Tw": Failed to obtain image tile X: 0 Y: 2 Level: 2. @ https://cesium.com/downloads/cesiumjs/releases/1.120/Build/Cesium/Cesium.js:85
[    1975ms] [LOG] An error occurred in "Tw": Failed to obtain image tile X: 13 Y: 8 Level: 4. @ https://cesium.com/downloads/cesiumjs/releases/1.120/Build/Cesium/Cesium.js:85
[    1975ms] [LOG] An error occurred in "Tw": Failed to obtain image tile X: 0 Y: 2 Level: 2. @ https://cesium.com/downloads/cesiumjs/releases/1.120/Build/Cesium/Cesium.js:85
[    1976ms] [ERROR] Failed to load resource: the server responded with a status of 404 (Not Found) @ https://t2.tianditu.gov.cn/cva_w?tk=3434e0337ed4d651277ec7e690a61b4c:0
[    1978ms] [ERROR] Failed to load resource: the server responded with a status of 404 (Not Found) @ https://t1.tianditu.gov.cn/img_w?tk=3434e0337ed4d651277ec7e690a61b4c:0
[    1980ms] [LOG] An error occurred in "Tw": Failed to obtain image tile X: 13 Y: 9 Level: 4. @ https://cesium.com/downloads/cesiumjs/releases/1.120/Build/Cesium/Cesium.js:85
[    1981ms] [ERROR] Failed to load resource: the server responded with a status of 404 (Not Found) @ https://t2.tianditu.gov.cn/img_w?tk=3434e0337ed4d651277ec7e690a61b4c:0
[    1983ms] [LOG] An error occurred in "Tw": Failed to obtain image tile X: 13 Y: 8 Level: 4. @ https://cesium.com/downloads/cesiumjs/releases/1.120/Build/Cesium/Cesium.js:85
[    1985ms] [ERROR] Failed to load resource: the server responded with a status of 404 (Not Found) @ https://t1.tianditu.gov.cn/cva_w?tk=3434e0337ed4d651277ec7e690a61b4c:0
[    1986ms] [LOG] An error occurred in "Tw": Failed to obtain image tile X: 13 Y: 9 Level: 4. @ https://cesium.com/downloads/cesiumjs/releases/1.120/Build/Cesium/Cesium.js:85
[    1987ms] [ERROR] Failed to load resource: the server responded with a status of 404 (Not Found) @ https://t2.tianditu.gov.cn/cva_w?tk=3434e0337ed4d651277ec7e690a61b4c:0
[    1989ms] [LOG] An error occurred in "Tw": Failed to obtain image tile X: 5 Y: 1 Level: 3. @ https://cesium.com/downloads/cesiumjs/releases/1.120/Build/Cesium/Cesium.js:85
[    1989ms] [LOG] An error occurred in "Tw": Failed to obtain image tile X: 5 Y: 2 Level: 3. @ https://cesium.com/downloads/cesiumjs/releases/1.120/Build/Cesium/Cesium.js:85
[    1990ms] [ERROR] Failed to load resource: the server responded with a status of 404 (Not Found) @ https://t3.tianditu.gov.cn/img_w?tk=3434e0337ed4d651277ec7e690a61b4c:0
[    1991ms] [ERROR] Failed to load resource: the server responded with a status of 404 (Not Found) @ https://t3.tianditu.gov.cn/cva_w?tk=3434e0337ed4d651277ec7e690a61b4c:0
[    1992ms] [LOG] An error occurred in "Tw": Failed to obtain image tile X: 5 Y: 1 Level: 3. @ https://cesium.com/downloads/cesiumjs/releases/1.120/Build/Cesium/Cesium.js:85
[    1993ms] [ERROR] Failed to load resource: the server responded with a status of 404 (Not Found) @ https://t0.tianditu.gov.cn/img_w?tk=3434e0337ed4d651277ec7e690a61b4c:0
[    1994ms] [LOG] An error occurred in "Tw": Failed to obtain image tile X: 5 Y: 2 Level: 3. @ https://cesium.com/downloads/cesiumjs/releases/1.120/Build/Cesium/Cesium.js:85
[    1996ms] [ERROR] Failed to load resource: the server responded with a status of 404 (Not Found) @ https://t0.tianditu.gov.cn/cva_w?tk=3434e0337ed4d651277ec7e690a61b4c:0
[    1997ms] [LOG] An error occurred in "Tw": Failed to obtain image tile X: 5 Y: 3 Level: 3. @ https://cesium.com/downloads/cesiumjs/releases/1.120/Build/Cesium/Cesium.js:85
[    2011ms] [ERROR] Failed to load resource: the server responded with a status of 404 (Not Found) @ https://t5.tianditu.gov.cn/img_w?tk=3434e0337ed4d651277ec7e690a61b4c:0
[    2012ms] [ERROR] Failed to load resource: the server responded with a status of 404 (Not Found) @ https://t5.tianditu.gov.cn/img_w?tk=3434e0337ed4d651277ec7e690a61b4c:0
[    2012ms] [ERROR] Failed to load resource: the server responded with a status of 404 (Not Found) @ https://t5.tianditu.gov.cn/cva_w?tk=3434e0337ed4d651277ec7e690a61b4c:0
[    2012ms] [LOG] An error occurred in "Tw": Failed to obtain image tile X: 5 Y: 3 Level: 3. @ https://cesium.com/downloads/cesiumjs/releases/1.120/Build/Cesium/Cesium.js:85
[    2013ms] [LOG] An error occurred in "Tw": Failed to obtain image tile X: 5 Y: 0 Level: 3. @ https://cesium.com/downloads/cesiumjs/releases/1.120/Build/Cesium/Cesium.js:85
[    2013ms] [LOG] An error occurred in "Tw": Failed to obtain image tile X: 5 Y: 0 Level: 3. @ https://cesium.com/downloads/cesiumjs/releases/1.120/Build/Cesium/Cesium.js:85
[    2013ms] [LOG] An error occurred in "Tw": Failed to obtain image tile X: 2 Y: 1 Level: 2. @ https://cesium.com/downloads/cesiumjs/releases/1.120/Build/Cesium/Cesium.js:85
[    2014ms] [LOG] An error occurred in "Tw": Failed to obtain image tile X: 0 Y: 3 Level: 2. @ https://cesium.com/downloads/cesiumjs/releases/1.120/Build/Cesium/Cesium.js:85
[    2015ms] [LOG] An error occurred in "Tw": Failed to obtain image tile X: 2 Y: 1 Level: 2. @ https://cesium.com/downloads/cesiumjs/releases/1.120/Build/Cesium/Cesium.js:85
[    2016ms] [ERROR] Failed to load resource: the server responded with a status of 404 (Not Found) @ https://t0.tianditu.gov.cn/img_w?tk=3434e0337ed4d651277ec7e690a61b4c:0
[    2016ms] [ERROR] Failed to load resource: the server responded with a status of 404 (Not Found) @ https://t5.tianditu.gov.cn/cva_w?tk=3434e0337ed4d651277ec7e690a61b4c:0
[    2017ms] [ERROR] Failed to load resource: the server responded with a status of 404 (Not Found) @ https://t0.tianditu.gov.cn/cva_w?tk=3434e0337ed4d651277ec7e690a61b4c:0
[    2018ms] [ERROR] Failed to load resource: the server responded with a status of 404 (Not Found) @ https://t4.tianditu.gov.cn/img_w?tk=3434e0337ed4d651277ec7e690a61b4c:0
[    2018ms] [ERROR] Failed to load resource: the server responded with a status of 404 (Not Found) @ https://t4.tianditu.gov.cn/cva_w?tk=3434e0337ed4d651277ec7e690a61b4c:0
[    2020ms] [LOG] An error occurred in "Tw": Failed to obtain image tile X: 0 Y: 3 Level: 2. @ https://cesium.com/downloads/cesiumjs/releases/1.120/Build/Cesium/Cesium.js:85
[    2021ms] [LOG] An error occurred in "Tw": Failed to obtain image tile X: 3 Y: 3 Level: 2. @ https://cesium.com/downloads/cesiumjs/releases/1.120/Build/Cesium/Cesium.js:85
[    2023ms] [LOG] An error occurred in "Tw": Failed to obtain image tile X: 3 Y: 3 Level: 2. @ https://cesium.com/downloads/cesiumjs/releases/1.120/Build/Cesium/Cesium.js:85
[    2024ms] [LOG] An error occurred in "Tw": Failed to obtain image tile X: 2 Y: 0 Level: 2. @ https://cesium.com/downloads/cesiumjs/releases/1.120/Build/Cesium/Cesium.js:85
[    2026ms] [LOG] An error occurred in "Tw": Failed to obtain image tile X: 2 Y: 0 Level: 2. @ https://cesium.com/downloads/cesiumjs/releases/1.120/Build/Cesium/Cesium.js:85
[    2045ms] [ERROR] Failed to load resource: the server responded with a status of 404 (Not Found) @ https://t0.tianditu.gov.cn/img_w?tk=3434e0337ed4d651277ec7e690a61b4c:0
[    2045ms] [ERROR] Failed to load resource: the server responded with a status of 404 (Not Found) @ https://t1.tianditu.gov.cn/img_w?tk=3434e0337ed4d651277ec7e690a61b4c:0
[    2046ms] [ERROR] Failed to load resource: the server responded with a status of 404 (Not Found) @ https://t0.tianditu.gov.cn/cva_w?tk=3434e0337ed4d651277ec7e690a61b4c:0
[    2047ms] [ERROR] Failed to load resource: the server responded with a status of 404 (Not Found) @ https://t1.tianditu.gov.cn/cva_w?tk=3434e0337ed4d651277ec7e690a61b4c:0
[    2047ms] [ERROR] Failed to load resource: the server responded with a status of 404 (Not Found) @ https://t7.tianditu.gov.cn/img_w?tk=3434e0337ed4d651277ec7e690a61b4c:0
[    2048ms] [LOG] An error occurred in "Tw": Failed to obtain image tile X: 12 Y: 8 Level: 4. @ https://cesium.com/downloads/cesiumjs/releases/1.120/Build/Cesium/Cesium.js:85
[    2049ms] [LOG] An error occurred in "Tw": Failed to obtain image tile X: 12 Y: 9 Level: 4. @ https://cesium.com/downloads/cesiumjs/releases/1.120/Build/Cesium/Cesium.js:85
[    2051ms] [LOG] An error occurred in "Tw": Failed to obtain image tile X: 12 Y: 8 Level: 4. @ https://cesium.com/downloads/cesiumjs/releases/1.120/Build/Cesium/Cesium.js:85
[    2052ms] [ERROR] Failed to load resource: the server responded with a status of 404 (Not Found) @ https://t7.tianditu.gov.cn/cva_w?tk=3434e0337ed4d651277ec7e690a61b4c:0
[    2053ms] [ERROR] Failed to load resource: the server responded with a status of 404 (Not Found) @ https://t3.tianditu.gov.cn/img_w?tk=3434e0337ed4d651277ec7e690a61b4c:0
[    2055ms] [LOG] An error occurred in "Tw": Failed to obtain image tile X: 12 Y: 9 Level: 4. @ https://cesium.com/downloads/cesiumjs/releases/1.120/Build/Cesium/Cesium.js:85
[    2058ms] [LOG] An error occurred in "Tw": Failed to obtain image tile X: 7 Y: 5 Level: 3. @ https://cesium.com/downloads/cesiumjs/releases/1.120/Build/Cesium/Cesium.js:85
[    2060ms] [LOG] An error occurred in "Tw": Failed to obtain image tile X: 7 Y: 5 Level: 3. @ https://cesium.com/downloads/cesiumjs/releases/1.120/Build/Cesium/Cesium.js:85
[    2070ms] [ERROR] Failed to load resource: the server responded with a status of 404 (Not Found) @ https://t3.tianditu.gov.cn/cva_w?tk=3434e0337ed4d651277ec7e690a61b4c:0
[    2071ms] [LOG] An error occurred in "Tw": Failed to obtain image tile X: 0 Y: 0 Level: 3. @ https://cesium.com/downloads/cesiumjs/releases/1.120/Build/Cesium/Cesium.js:85
[    2072ms] [ERROR] Failed to load resource: the server responded with a status of 404 (Not Found) @ https://t2.tianditu.gov.cn/img_w?tk=3434e0337ed4d651277ec7e690a61b4c:0
[    2073ms] [LOG] An error occurred in "Tw": Failed to obtain image tile X: 0 Y: 0 Level: 3. @ https://cesium.com/downloads/cesiumjs/releases/1.120/Build/Cesium/Cesium.js:85
[    2073ms] [ERROR] Failed to load resource: the server responded with a status of 404 (Not Found) @ https://t3.tianditu.gov.cn/img_w?tk=3434e0337ed4d651277ec7e690a61b4c:0
[    2074ms] [ERROR] Failed to load resource: the server responded with a status of 404 (Not Found) @ https://t4.tianditu.gov.cn/img_w?tk=3434e0337ed4d651277ec7e690a61b4c:0
[    2074ms] [ERROR] Failed to load resource: the server responded with a status of 404 (Not Found) @ https://t2.tianditu.gov.cn/cva_w?tk=3434e0337ed4d651277ec7e690a61b4c:0
[    2075ms] [ERROR] Failed to load resource: the server responded with a status of 404 (Not Found) @ https://t3.tianditu.gov.cn/cva_w?tk=3434e0337ed4d651277ec7e690a61b4c:0
[    2076ms] [ERROR] Failed to load resource: the server responded with a status of 404 (Not Found) @ https://t4.tianditu.gov.cn/cva_w?tk=3434e0337ed4d651277ec7e690a61b4c:0
[    2077ms] [ERROR] Failed to load resource: the server responded with a status of 404 (Not Found) @ https://t0.tianditu.gov.cn/img_w?tk=3434e0337ed4d651277ec7e690a61b4c:0
[    2078ms] [LOG] An error occurred in "Tw": Failed to obtain image tile X: 11 Y: 3 Level: 4. @ https://cesium.com/downloads/cesiumjs/releases/1.120/Build/Cesium/Cesium.js:85
[    2079ms] [LOG] An error occurred in "Tw": Failed to obtain image tile X: 11 Y: 4 Level: 4. @ https://cesium.com/downloads/cesiumjs/releases/1.120/Build/Cesium/Cesium.js:85
[    2080ms] [ERROR] Failed to load resource: the server responded with a status of 404 (Not Found) @ https://t0.tianditu.gov.cn/cva_w?tk=3434e0337ed4d651277ec7e690a61b4c:0
[    2081ms] [LOG] An error occurred in "Tw": Failed to obtain image tile X: 11 Y: 5 Level: 4. @ https://cesium.com/downloads/cesiumjs/releases/1.120/Build/Cesium/Cesium.js:85
[    2082ms] [LOG] An error occurred in "Tw": Failed to obtain image tile X: 11 Y: 3 Level: 4. @ https://cesium.com/downloads/cesiumjs/releases/1.120/Build/Cesium/Cesium.js:85
[    2083ms] [LOG] An error occurred in "Tw": Failed to obtain image tile X: 11 Y: 4 Level: 4. @ https://cesium.com/downloads/cesiumjs/releases/1.120/Build/Cesium/Cesium.js:85
[    2084ms] [LOG] An error occurred in "Tw": Failed to obtain image tile X: 11 Y: 5 Level: 4. @ https://cesium.com/downloads/cesiumjs/releases/1.120/Build/Cesium/Cesium.js:85
[    2086ms] [LOG] An error occurred in "Tw": Failed to obtain image tile X: 0 Y: 5 Level: 3. @ https://cesium.com/downloads/cesiumjs/releases/1.120/Build/Cesium/Cesium.js:85
[    2087ms] [LOG] An error occurred in "Tw": Failed to obtain image tile X: 0 Y: 5 Level: 3. @ https://cesium.com/downloads/cesiumjs/releases/1.120/Build/Cesium/Cesium.js:85
[    2106ms] [ERROR] Failed to load resource: the server responded with a status of 404 (Not Found) @ https://t3.tianditu.gov.cn/img_w?tk=3434e0337ed4d651277ec7e690a61b4c:0
[    2106ms] [ERROR] Failed to load resource: the server responded with a status of 404 (Not Found) @ https://t2.tianditu.gov.cn/cva_w?tk=3434e0337ed4d651277ec7e690a61b4c:0
[    2108ms] [ERROR] Failed to load resource: the server responded with a status of 404 (Not Found) @ https://t3.tianditu.gov.cn/cva_w?tk=3434e0337ed4d651277ec7e690a61b4c:0
[    2108ms] [ERROR] Failed to load resource: the server responded with a status of 404 (Not Found) @ https://t5.tianditu.gov.cn/img_w?tk=3434e0337ed4d651277ec7e690a61b4c:0
[    2110ms] [LOG] An error occurred in "Tw": Failed to obtain image tile X: 6 Y: 2 Level: 3. @ https://cesium.com/downloads/cesiumjs/releases/1.120/Build/Cesium/Cesium.js:85
[    2111ms] [LOG] An error occurred in "Tw": Failed to obtain image tile X: 6 Y: 1 Level: 3. @ https://cesium.com/downloads/cesiumjs/releases/1.120/Build/Cesium/Cesium.js:85
[    2112ms] [ERROR] Failed to load resource: the server responded with a status of 404 (Not Found) @ https://t5.tianditu.gov.cn/cva_w?tk=3434e0337ed4d651277ec7e690a61b4c:0
[    2115ms] [LOG] An error occurred in "Tw": Failed to obtain image tile X: 6 Y: 2 Level: 3. @ https://cesium.com/downloads/cesiumjs/releases/1.120/Build/Cesium/Cesium.js:85
[    2119ms] [LOG] An error occurred in "Tw": Failed to obtain image tile X: 11 Y: 6 Level: 4. @ https://cesium.com/downloads/cesiumjs/releases/1.120/Build/Cesium/Cesium.js:85
[    2122ms] [LOG] An error occurred in "Tw": Failed to obtain image tile X: 11 Y: 6 Level: 4. @ https://cesium.com/downloads/cesiumjs/releases/1.120/Build/Cesium/Cesium.js:85
[    2172ms] [ERROR] Failed to load resource: the server responded with a status of 404 (Not Found) @ https://t6.tianditu.gov.cn/img_w?tk=3434e0337ed4d651277ec7e690a61b4c:0
[    2172ms] [ERROR] Failed to load resource: the server responded with a status of 404 (Not Found) @ https://t7.tianditu.gov.cn/img_w?tk=3434e0337ed4d651277ec7e690a61b4c:0
[    2173ms] [ERROR] Failed to load resource: the server responded with a status of 404 (Not Found) @ https://t6.tianditu.gov.cn/cva_w?tk=3434e0337ed4d651277ec7e690a61b4c:0
[    2173ms] [ERROR] Failed to load resource: the server responded with a status of 404 (Not Found) @ https://t7.tianditu.gov.cn/cva_w?tk=3434e0337ed4d651277ec7e690a61b4c:0
[    2173ms] [ERROR] Failed to load resource: the server responded with a status of 404 (Not Found) @ https://t5.tianditu.gov.cn/img_w?tk=3434e0337ed4d651277ec7e690a61b4c:0
[    2173ms] [ERROR] Failed to load resource: the server responded with a status of 404 (Not Found) @ https://t5.tianditu.gov.cn/cva_w?tk=3434e0337ed4d651277ec7e690a61b4c:0
[    2174ms] [ERROR] Failed to load resource: the server responded with a status of 404 (Not Found) @ https://t0.tianditu.gov.cn/img_w?tk=3434e0337ed4d651277ec7e690a61b4c:0
[    2174ms] [ERROR] Failed to load resource: the server responded with a status of 404 (Not Found) @ https://t0.tianditu.gov.cn/cva_w?tk=3434e0337ed4d651277ec7e690a61b4c:0
[    2176ms] [LOG] An error occurred in "Tw": Failed to obtain image tile X: 29 Y: 12 Level: 5. @ https://cesium.com/downloads/cesiumjs/releases/1.120/Build/Cesium/Cesium.js:85
[    2179ms] [LOG] An error occurred in "Tw": Failed to obtain image tile X: 29 Y: 13 Level: 5. @ https://cesium.com/downloads/cesiumjs/releases/1.120/Build/Cesium/Cesium.js:85
[    2181ms] [LOG] An error occurred in "Tw": Failed to obtain image tile X: 29 Y: 12 Level: 5. @ https://cesium.com/downloads/cesiumjs/releases/1.120/Build/Cesium/Cesium.js:85
[    2185ms] [LOG] An error occurred in "Tw": Failed to obtain image tile X: 29 Y: 13 Level: 5. @ https://cesium.com/downloads/cesiumjs/releases/1.120/Build/Cesium/Cesium.js:85
[    2188ms] [LOG] An error occurred in "Tw": Failed to obtain image tile X: 28 Y: 12 Level: 5. @ https://cesium.com/downloads/cesiumjs/releases/1.120/Build/Cesium/Cesium.js:85
[    2189ms] [ERROR] Failed to load resource: the server responded with a status of 404 (Not Found) @ https://t6.tianditu.gov.cn/img_w?tk=3434e0337ed4d651277ec7e690a61b4c:0
[    2204ms] [ERROR] Failed to load resource: the server responded with a status of 404 (Not Found) @ https://t7.tianditu.gov.cn/img_w?tk=3434e0337ed4d651277ec7e690a61b4c:0
[    2205ms] [ERROR] Failed to load resource: the server responded with a status of 404 (Not Found) @ https://t6.tianditu.gov.cn/cva_w?tk=3434e0337ed4d651277ec7e690a61b4c:0
[    2205ms] [ERROR] Failed to load resource: the server responded with a status of 404 (Not Found) @ https://t7.tianditu.gov.cn/cva_w?tk=3434e0337ed4d651277ec7e690a61b4c:0
[    2206ms] [ERROR] Failed to load resource: the server responded with a status of 404 (Not Found) @ https://t0.tianditu.gov.cn/img_w?tk=3434e0337ed4d651277ec7e690a61b4c:0
[    2206ms] [ERROR] Failed to load resource: the server responded with a status of 404 (Not Found) @ https://t0.tianditu.gov.cn/cva_w?tk=3434e0337ed4d651277ec7e690a61b4c:0
[    2207ms] [LOG] An error occurred in "Tw": Failed to obtain image tile X: 28 Y: 12 Level: 5. @ https://cesium.com/downloads/cesiumjs/releases/1.120/Build/Cesium/Cesium.js:85
[    2207ms] [LOG] An error occurred in "Tw": Failed to obtain image tile X: 29 Y: 14 Level: 5. @ https://cesium.com/downloads/cesiumjs/releases/1.120/Build/Cesium/Cesium.js:85
[    2208ms] [LOG] An error occurred in "Tw": Failed to obtain image tile X: 29 Y: 14 Level: 5. @ https://cesium.com/downloads/cesiumjs/releases/1.120/Build/Cesium/Cesium.js:85
[    2209ms] [LOG] An error occurred in "Tw": Failed to obtain image tile X: 28 Y: 13 Level: 5. @ https://cesium.com/downloads/cesiumjs/releases/1.120/Build/Cesium/Cesium.js:85
[    2210ms] [LOG] An error occurred in "Tw": Failed to obtain image tile X: 28 Y: 14 Level: 5. @ https://cesium.com/downloads/cesiumjs/releases/1.120/Build/Cesium/Cesium.js:85
[    2210ms] [LOG] An error occurred in "Tw": Failed to obtain image tile X: 28 Y: 14 Level: 5. @ https://cesium.com/downloads/cesiumjs/releases/1.120/Build/Cesium/Cesium.js:85
[    2211ms] [LOG] An error occurred in "Tw": Failed to obtain image tile X: 28 Y: 13 Level: 5. @ https://cesium.com/downloads/cesiumjs/releases/1.120/Build/Cesium/Cesium.js:85
[    2212ms] [ERROR] Failed to load resource: the server responded with a status of 404 (Not Found) @ https://t7.tianditu.gov.cn/img_w?tk=3434e0337ed4d651277ec7e690a61b4c:0
[    2212ms] [ERROR] Failed to load resource: the server responded with a status of 404 (Not Found) @ https://t7.tianditu.gov.cn/cva_w?tk=3434e0337ed4d651277ec7e690a61b4c:0
[    2213ms] [LOG] An error occurred in "Tw": Failed to obtain image tile X: 30 Y: 13 Level: 5. @ https://cesium.com/downloads/cesiumjs/releases/1.120/Build/Cesium/Cesium.js:85
[    2215ms] [LOG] An error occurred in "Tw": Failed to obtain image tile X: 30 Y: 13 Level: 5. @ https://cesium.com/downloads/cesiumjs/releases/1.120/Build/Cesium/Cesium.js:85
[    2215ms] [ERROR] Failed to load resource: the server responded with a status of 404 (Not Found) @ https://t6.tianditu.gov.cn/img_w?tk=3434e0337ed4d651277ec7e690a61b4c:0
[    2216ms] [ERROR] Failed to load resource: the server responded with a status of 404 (Not Found) @ https://t6.tianditu.gov.cn/cva_w?tk=3434e0337ed4d651277ec7e690a61b4c:0
[    2218ms] [LOG] An error occurred in "Tw": Failed to obtain image tile X: 30 Y: 12 Level: 5. @ https://cesium.com/downloads/cesiumjs/releases/1.120/Build/Cesium/Cesium.js:85
[    2219ms] [LOG] An error occurred in "Tw": Failed to obtain image tile X: 30 Y: 12 Level: 5. @ https://cesium.com/downloads/cesiumjs/releases/1.120/Build/Cesium/Cesium.js:85
[    2221ms] [LOG] An error occurred in "Tw": Failed to obtain image tile X: 27 Y: 14 Level: 5. @ https://cesium.com/downloads/cesiumjs/releases/1.120/Build/Cesium/Cesium.js:85
[    2222ms] [ERROR] Failed to load resource: the server responded with a status of 404 (Not Found) @ https://t4.tianditu.gov.cn/img_w?tk=3434e0337ed4d651277ec7e690a61b4c:0
[    2222ms] [ERROR] Failed to load resource: the server responded with a status of 404 (Not Found) @ https://t4.tianditu.gov.cn/cva_w?tk=3434e0337ed4d651277ec7e690a61b4c:0
[    2223ms] [ERROR] Failed to load resource: the server responded with a status of 404 (Not Found) @ https://t5.tianditu.gov.cn/img_w?tk=3434e0337ed4d651277ec7e690a61b4c:0
[    2223ms] [ERROR] Failed to load resource: the server responded with a status of 404 (Not Found) @ https://t5.tianditu.gov.cn/cva_w?tk=3434e0337ed4d651277ec7e690a61b4c:0
[    2225ms] [LOG] An error occurred in "Tw": Failed to obtain image tile X: 27 Y: 14 Level: 5. @ https://cesium.com/downloads/cesiumjs/releases/1.120/Build/Cesium/Cesium.js:85
[    2225ms] [ERROR] Failed to load resource: the server responded with a status of 404 (Not Found) @ https://t1.tianditu.gov.cn/img_w?tk=3434e0337ed4d651277ec7e690a61b4c:0
[    2227ms] [LOG] An error occurred in "Tw": Failed to obtain image tile X: 28 Y: 11 Level: 5. @ https://cesium.com/downloads/cesiumjs/releases/1.120/Build/Cesium/Cesium.js:85
[    2229ms] [LOG] An error occurred in "Tw": Failed to obtain image tile X: 28 Y: 11 Level: 5. @ https://cesium.com/downloads/cesiumjs/releases/1.120/Build/Cesium/Cesium.js:85
[    2306ms] [ERROR] Failed to load resource: the server responded with a status of 404 (Not Found) @ https://t4.tianditu.gov.cn/img_w?tk=3434e0337ed4d651277ec7e690a61b4c:0
[    2306ms] [ERROR] Failed to load resource: the server responded with a status of 404 (Not Found) @ https://t4.tianditu.gov.cn/cva_w?tk=3434e0337ed4d651277ec7e690a61b4c:0
[    2307ms] [ERROR] Failed to load resource: the server responded with a status of 404 (Not Found) @ https://t5.tianditu.gov.cn/img_w?tk=3434e0337ed4d651277ec7e690a61b4c:0
[    2307ms] [ERROR] Failed to load resource: the server responded with a status of 404 (Not Found) @ https://t5.tianditu.gov.cn/cva_w?tk=3434e0337ed4d651277ec7e690a61b4c:0
[    2307ms] [ERROR] Failed to load resource: the server responded with a status of 404 (Not Found) @ https://t1.tianditu.gov.cn/cva_w?tk=3434e0337ed4d651277ec7e690a61b4c:0
[    2308ms] [LOG] An error occurred in "Tw": Failed to obtain image tile X: 27 Y: 13 Level: 5. @ https://cesium.com/downloads/cesiumjs/releases/1.120/Build/Cesium/Cesium.js:85
[    2308ms] [LOG] An error occurred in "Tw": Failed to obtain image tile X: 27 Y: 13 Level: 5. @ https://cesium.com/downloads/cesiumjs/releases/1.120/Build/Cesium/Cesium.js:85
[    2308ms] [LOG] An error occurred in "Tw": Failed to obtain image tile X: 30 Y: 14 Level: 5. @ https://cesium.com/downloads/cesiumjs/releases/1.120/Build/Cesium/Cesium.js:85
[    2309ms] [ERROR] Failed to load resource: the server responded with a status of 404 (Not Found) @ https://t3.tianditu.gov.cn/img_w?tk=3434e0337ed4d651277ec7e690a61b4c:0
[    2309ms] [ERROR] Failed to load resource: the server responded with a status of 404 (Not Found) @ https://t3.tianditu.gov.cn/cva_w?tk=3434e0337ed4d651277ec7e690a61b4c:0
[    2310ms] [ERROR] Failed to load resource: the server responded with a status of 404 (Not Found) @ https://t0.tianditu.gov.cn/img_w?tk=3434e0337ed4d651277ec7e690a61b4c:0
[    2310ms] [ERROR] Failed to load resource: the server responded with a status of 404 (Not Found) @ https://t0.tianditu.gov.cn/cva_w?tk=3434e0337ed4d651277ec7e690a61b4c:0
[    2310ms] [LOG] An error occurred in "Tw": Failed to obtain image tile X: 27 Y: 12 Level: 5. @ https://cesium.com/downloads/cesiumjs/releases/1.120/Build/Cesium/Cesium.js:85
[    2311ms] [LOG] An error occurred in "Tw": Failed to obtain image tile X: 27 Y: 12 Level: 5. @ https://cesium.com/downloads/cesiumjs/releases/1.120/Build/Cesium/Cesium.js:85
[    2311ms] [LOG] An error occurred in "Tw": Failed to obtain image tile X: 29 Y: 11 Level: 5. @ https://cesium.com/downloads/cesiumjs/releases/1.120/Build/Cesium/Cesium.js:85
[    2311ms] [LOG] An error occurred in "Tw": Failed to obtain image tile X: 29 Y: 11 Level: 5. @ https://cesium.com/downloads/cesiumjs/releases/1.120/Build/Cesium/Cesium.js:85
[    2312ms] [LOG] An error occurred in "Tw": Failed to obtain image tile X: 30 Y: 14 Level: 5. @ https://cesium.com/downloads/cesiumjs/releases/1.120/Build/Cesium/Cesium.js:85
[    2312ms] [ERROR] Failed to load resource: the server responded with a status of 404 (Not Found) @ https://t1.tianditu.gov.cn/img_w?tk=3434e0337ed4d651277ec7e690a61b4c:0
[    2322ms] [ERROR] Failed to load resource: the server responded with a status of 404 (Not Found) @ https://t1.tianditu.gov.cn/cva_w?tk=3434e0337ed4d651277ec7e690a61b4c:0
[    2323ms] [ERROR] Failed to load resource: the server responded with a status of 404 (Not Found) @ https://t6.tianditu.gov.cn/img_w?tk=3434e0337ed4d651277ec7e690a61b4c:0
[    2323ms] [ERROR] Failed to load resource: the server responded with a status of 404 (Not Found) @ https://t6.tianditu.gov.cn/cva_w?tk=3434e0337ed4d651277ec7e690a61b4c:0
[    2323ms] [ERROR] Failed to load resource: the server responded with a status of 404 (Not Found) @ https://t7.tianditu.gov.cn/img_w?tk=3434e0337ed4d651277ec7e690a61b4c:0
[    2323ms] [LOG] An error occurred in "Tw": Failed to obtain image tile X: 27 Y: 11 Level: 5. @ https://cesium.com/downloads/cesiumjs/releases/1.120/Build/Cesium/Cesium.js:85
[    2324ms] [ERROR] Failed to load resource: the server responded with a status of 404 (Not Found) @ https://t7.tianditu.gov.cn/cva_w?tk=3434e0337ed4d651277ec7e690a61b4c:0
[    2336ms] [LOG] An error occurred in "Tw": Failed to obtain image tile X: 27 Y: 11 Level: 5. @ https://cesium.com/downloads/cesiumjs/releases/1.120/Build/Cesium/Cesium.js:85
[    2337ms] [LOG] An error occurred in "Tw": Failed to obtain image tile X: 28 Y: 15 Level: 5. @ https://cesium.com/downloads/cesiumjs/releases/1.120/Build/Cesium/Cesium.js:85
[    2338ms] [LOG] An error occurred in "Tw": Failed to obtain image tile X: 28 Y: 15 Level: 5. @ https://cesium.com/downloads/cesiumjs/releases/1.120/Build/Cesium/Cesium.js:85
[    2338ms] [LOG] An error occurred in "Tw": Failed to obtain image tile X: 29 Y: 15 Level: 5. @ https://cesium.com/downloads/cesiumjs/releases/1.120/Build/Cesium/Cesium.js:85
[    2338ms] [LOG] An error occurred in "Tw": Failed to obtain image tile X: 29 Y: 15 Level: 5. @ https://cesium.com/downloads/cesiumjs/releases/1.120/Build/Cesium/Cesium.js:85
[    2339ms] [LOG] An error occurred in "Tw": Failed to obtain image tile X: 30 Y: 11 Level: 5. @ https://cesium.com/downloads/cesiumjs/releases/1.120/Build/Cesium/Cesium.js:85
[    2339ms] [ERROR] Failed to load resource: the server responded with a status of 404 (Not Found) @ https://t3.tianditu.gov.cn/cva_w?tk=3434e0337ed4d651277ec7e690a61b4c:0
[    2339ms] [ERROR] Failed to load resource: the server responded with a status of 404 (Not Found) @ https://t3.tianditu.gov.cn/img_w?tk=3434e0337ed4d651277ec7e690a61b4c:0
[    2340ms] [LOG] An error occurred in "Tw": Failed to obtain image tile X: 27 Y: 15 Level: 5. @ https://cesium.com/downloads/cesiumjs/releases/1.120/Build/Cesium/Cesium.js:85
[    2340ms] [LOG] An error occurred in "Tw": Failed to obtain image tile X: 30 Y: 11 Level: 5. @ https://cesium.com/downloads/cesiumjs/releases/1.120/Build/Cesium/Cesium.js:85
[    2340ms] [LOG] An error occurred in "Tw": Failed to obtain image tile X: 27 Y: 15 Level: 5. @ https://cesium.com/downloads/cesiumjs/releases/1.120/Build/Cesium/Cesium.js:85
[    2341ms] [ERROR] Failed to load resource: the server responded with a status of 404 (Not Found) @ https://t4.tianditu.gov.cn/img_w?tk=3434e0337ed4d651277ec7e690a61b4c:0
[    2341ms] [ERROR] Failed to load resource: the server responded with a status of 404 (Not Found) @ https://t4.tianditu.gov.cn/cva_w?tk=3434e0337ed4d651277ec7e690a61b4c:0
[    2342ms] [ERROR] Failed to load resource: the server responded with a status of 404 (Not Found) @ https://t5.tianditu.gov.cn/img_w?tk=3434e0337ed4d651277ec7e690a61b4c:0
[    2342ms] [ERROR] Failed to load resource: the server responded with a status of 404 (Not Found) @ https://t5.tianditu.gov.cn/cva_w?tk=3434e0337ed4d651277ec7e690a61b4c:0
[    2342ms] [ERROR] Failed to load resource: the server responded with a status of 404 (Not Found) @ https://t2.tianditu.gov.cn/img_w?tk=3434e0337ed4d651277ec7e690a61b4c:0
[    2343ms] [LOG] An error occurred in "Tw": Failed to obtain image tile X: 26 Y: 12 Level: 5. @ https://cesium.com/downloads/cesiumjs/releases/1.120/Build/Cesium/Cesium.js:85
[    2344ms] [ERROR] Failed to load resource: the server responded with a status of 404 (Not Found) @ https://t2.tianditu.gov.cn/cva_w?tk=3434e0337ed4d651277ec7e690a61b4c:0
[    2344ms] [LOG] An error occurred in "Tw": Failed to obtain image tile X: 26 Y: 12 Level: 5. @ https://cesium.com/downloads/cesiumjs/releases/1.120/Build/Cesium/Cesium.js:85
[    2345ms] [LOG] An error occurred in "Tw": Failed to obtain image tile X: 26 Y: 13 Level: 5. @ https://cesium.com/downloads/cesiumjs/releases/1.120/Build/Cesium/Cesium.js:85
[    2345ms] [LOG] An error occurred in "Tw": Failed to obtain image tile X: 26 Y: 13 Level: 5. @ https://cesium.com/downloads/cesiumjs/releases/1.120/Build/Cesium/Cesium.js:85
[    2347ms] [LOG] An error occurred in "Tw": Failed to obtain image tile X: 26 Y: 14 Level: 5. @ https://cesium.com/downloads/cesiumjs/releases/1.120/Build/Cesium/Cesium.js:85
[    2349ms] [LOG] An error occurred in "Tw": Failed to obtain image tile X: 26 Y: 14 Level: 5. @ https://cesium.com/downloads/cesiumjs/releases/1.120/Build/Cesium/Cesium.js:85
[    2353ms] [LOG] An error occurred in "Tw": Failed to obtain image tile X: 26 Y: 11 Level: 5. @ https://cesium.com/downloads/cesiumjs/releases/1.120/Build/Cesium/Cesium.js:85
[    2355ms] [ERROR] Failed to load resource: the server responded with a status of 404 (Not Found) @ https://t2.tianditu.gov.cn/img_w?tk=3434e0337ed4d651277ec7e690a61b4c:0
[    2356ms] [LOG] An error occurred in "Tw": Failed to obtain image tile X: 26 Y: 11 Level: 5. @ https://cesium.com/downloads/cesiumjs/releases/1.120/Build/Cesium/Cesium.js:85
[    2356ms] [ERROR] Failed to load resource: the server responded with a status of 404 (Not Found) @ https://t2.tianditu.gov.cn/cva_w?tk=3434e0337ed4d651277ec7e690a61b4c:0
[    2357ms] [LOG] An error occurred in "Tw": Failed to obtain image tile X: 30 Y: 15 Level: 5. @ https://cesium.com/downloads/cesiumjs/releases/1.120/Build/Cesium/Cesium.js:85
[    2358ms] [LOG] An error occurred in "Tw": Failed to obtain image tile X: 30 Y: 15 Level: 5. @ https://cesium.com/downloads/cesiumjs/releases/1.120/Build/Cesium/Cesium.js:85
[    2383ms] [ERROR] Failed to load resource: the server responded with a status of 404 (Not Found) @ https://t6.tianditu.gov.cn/img_w?tk=3434e0337ed4d651277ec7e690a61b4c:0
[    2383ms] [ERROR] Failed to load resource: the server responded with a status of 404 (Not Found) @ https://t6.tianditu.gov.cn/cva_w?tk=3434e0337ed4d651277ec7e690a61b4c:0
[    2384ms] [ERROR] Failed to load resource: the server responded with a status of 404 (Not Found) @ https://t1.tianditu.gov.cn/img_w?tk=3434e0337ed4d651277ec7e690a61b4c:0
[    2384ms] [ERROR] Failed to load resource: the server responded with a status of 404 (Not Found) @ https://t2.tianditu.gov.cn/img_w?tk=3434e0337ed4d651277ec7e690a61b4c:0
[    2385ms] [ERROR] Failed to load resource: the server responded with a status of 404 (Not Found) @ https://t1.tianditu.gov.cn/cva_w?tk=3434e0337ed4d651277ec7e690a61b4c:0
[    2387ms] [LOG] An error occurred in "Tw": Failed to obtain image tile X: 26 Y: 15 Level: 5. @ https://cesium.com/downloads/cesiumjs/releases/1.120/Build/Cesium/Cesium.js:85
[    2388ms] [LOG] An error occurred in "Tw": Failed to obtain image tile X: 26 Y: 15 Level: 5. @ https://cesium.com/downloads/cesiumjs/releases/1.120/Build/Cesium/Cesium.js:85
[    2389ms] [LOG] An error occurred in "Tw": Failed to obtain image tile X: 25 Y: 11 Level: 5. @ https://cesium.com/downloads/cesiumjs/releases/1.120/Build/Cesium/Cesium.js:85
[    2390ms] [LOG] An error occurred in "Tw": Failed to obtain image tile X: 25 Y: 12 Level: 5. @ https://cesium.com/downloads/cesiumjs/releases/1.120/Build/Cesium/Cesium.js:85
[    2391ms] [LOG] An error occurred in "Tw": Failed to obtain image tile X: 25 Y: 11 Level: 5. @ https://cesium.com/downloads/cesiumjs/releases/1.120/Build/Cesium/Cesium.js:85
[    2392ms] [ERROR] Failed to load resource: the server responded with a status of 404 (Not Found) @ https://t2.tianditu.gov.cn/cva_w?tk=3434e0337ed4d651277ec7e690a61b4c:0
[    2395ms] [LOG] An error occurred in "Tw": Failed to obtain image tile X: 25 Y: 12 Level: 5. @ https://cesium.com/downloads/cesiumjs/releases/1.120/Build/Cesium/Cesium.js:85
[    2501ms] [LOG] An error occurred in "": Failed to obtain terrain tile X: 56 Y: 12 Level: 5. Error message: "undefined" @ https://cesium.com/downloads/cesiumjs/releases/1.120/Build/Cesium/Cesium.js:85
[    2502ms] [LOG] An error occurred in "": Failed to obtain terrain tile X: 55 Y: 11 Level: 5. Error message: "undefined" @ https://cesium.com/downloads/cesiumjs/releases/1.120/Build/Cesium/Cesium.js:85
[    2503ms] [LOG] An error occurred in "": Failed to obtain terrain tile X: 56 Y: 11 Level: 5. Error message: "undefined" @ https://cesium.com/downloads/cesiumjs/releases/1.120/Build/Cesium/Cesium.js:85
[    2504ms] [LOG] An error occurred in "": Failed to obtain terrain tile X: 55 Y: 10 Level: 5. Error message: "undefined" @ https://cesium.com/downloads/cesiumjs/releases/1.120/Build/Cesium/Cesium.js:85
[    2504ms] [LOG] An error occurred in "": Failed to obtain terrain tile X: 57 Y: 12 Level: 5. Error message: "undefined" @ https://cesium.com/downloads/cesiumjs/releases/1.120/Build/Cesium/Cesium.js:85
[    2505ms] [LOG] An error occurred in "": Failed to obtain terrain tile X: 54 Y: 10 Level: 5. Error message: "undefined" @ https://cesium.com/downloads/cesiumjs/releases/1.120/Build/Cesium/Cesium.js:85
[    2506ms] [LOG] An error occurred in "": Failed to obtain terrain tile X: 54 Y: 11 Level: 5. Error message: "undefined" @ https://cesium.com/downloads/cesiumjs/releases/1.120/Build/Cesium/Cesium.js:85
[    2508ms] [LOG] An error occurred in "": Failed to obtain terrain tile X: 55 Y: 12 Level: 5. Error message: "undefined" @ https://cesium.com/downloads/cesiumjs/releases/1.120/Build/Cesium/Cesium.js:85
[    2562ms] [LOG] An error occurred in "": Failed to obtain terrain tile X: 53 Y: 13 Level: 5. Error message: "undefined" @ https://cesium.com/downloads/cesiumjs/releases/1.120/Build/Cesium/Cesium.js:85
[    2574ms] [ERROR] Failed to load resource: the server responded with a status of 404 (Not Found) @ https://t6.tianditu.gov.cn/img_w?tk=3434e0337ed4d651277ec7e690a61b4c:0
[    2576ms] [ERROR] Failed to load resource: the server responded with a status of 404 (Not Found) @ https://t7.tianditu.gov.cn/img_w?tk=3434e0337ed4d651277ec7e690a61b4c:0
[    2584ms] [ERROR] Failed to load resource: the server responded with a status of 404 (Not Found) @ https://t6.tianditu.gov.cn/cva_w?tk=3434e0337ed4d651277ec7e690a61b4c:0
[    2586ms] [ERROR] Failed to load resource: the server responded with a status of 404 (Not Found) @ https://t7.tianditu.gov.cn/cva_w?tk=3434e0337ed4d651277ec7e690a61b4c:0
[    2587ms] [LOG] An error occurred in "": Failed to obtain terrain tile X: 56 Y: 10 Level: 5. Error message: "undefined" @ https://cesium.com/downloads/cesiumjs/releases/1.120/Build/Cesium/Cesium.js:85
[    2588ms] [LOG] An error occurred in "": Failed to obtain terrain tile X: 54 Y: 12 Level: 5. Error message: "undefined" @ https://cesium.com/downloads/cesiumjs/releases/1.120/Build/Cesium/Cesium.js:85
[    2588ms] [ERROR] Failed to load resource: the server responded with a status of 404 (Not Found) @ https://t0.tianditu.gov.cn/img_w?tk=3434e0337ed4d651277ec7e690a61b4c:0
[    2604ms] [LOG] An error occurred in "": Failed to obtain terrain tile X: 57 Y: 11 Level: 5. Error message: "undefined" @ https://cesium.com/downloads/cesiumjs/releases/1.120/Build/Cesium/Cesium.js:85
[    2605ms] [LOG] An error occurred in "": Failed to obtain terrain tile X: 55 Y: 13 Level: 5. Error message: "undefined" @ https://cesium.com/downloads/cesiumjs/releases/1.120/Build/Cesium/Cesium.js:85
[    2606ms] [LOG] An error occurred in "": Failed to obtain terrain tile X: 56 Y: 13 Level: 5. Error message: "undefined" @ https://cesium.com/downloads/cesiumjs/releases/1.120/Build/Cesium/Cesium.js:85
[    2606ms] [LOG] An error occurred in "": Failed to obtain terrain tile X: 54 Y: 13 Level: 5. Error message: "undefined" @ https://cesium.com/downloads/cesiumjs/releases/1.120/Build/Cesium/Cesium.js:85
[    2607ms] [LOG] An error occurred in "Tw": Failed to obtain image tile X: 54 Y: 26 Level: 6. @ https://cesium.com/downloads/cesiumjs/releases/1.120/Build/Cesium/Cesium.js:85
[    2607ms] [LOG] An error occurred in "Tw": Failed to obtain image tile X: 54 Y: 27 Level: 6. @ https://cesium.com/downloads/cesiumjs/releases/1.120/Build/Cesium/Cesium.js:85
[    2608ms] [LOG] An error occurred in "Tw": Failed to obtain image tile X: 54 Y: 26 Level: 6. @ https://cesium.com/downloads/cesiumjs/releases/1.120/Build/Cesium/Cesium.js:85
[    2608ms] [ERROR] Failed to load resource: the server responded with a status of 404 (Not Found) @ https://t0.tianditu.gov.cn/cva_w?tk=3434e0337ed4d651277ec7e690a61b4c:0
[    2609ms] [LOG] An error occurred in "Tw": Failed to obtain image tile X: 54 Y: 27 Level: 6. @ https://cesium.com/downloads/cesiumjs/releases/1.120/Build/Cesium/Cesium.js:85
[    2610ms] [ERROR] Failed to load resource: the server responded with a status of 404 (Not Found) @ https://t7.tianditu.gov.cn/img_w?tk=3434e0337ed4d651277ec7e690a61b4c:0
[    2611ms] [ERROR] Failed to load resource: the server responded with a status of 404 (Not Found) @ https://t7.tianditu.gov.cn/cva_w?tk=3434e0337ed4d651277ec7e690a61b4c:0
[    2612ms] [ERROR] Failed to load resource: the server responded with a status of 404 (Not Found) @ https://t6.tianditu.gov.cn/img_w?tk=3434e0337ed4d651277ec7e690a61b4c:0
[    2612ms] [ERROR] Failed to load resource: the server responded with a status of 404 (Not Found) @ https://t6.tianditu.gov.cn/cva_w?tk=3434e0337ed4d651277ec7e690a61b4c:0
[    2641ms] [ERROR] Failed to load resource: the server responded with a status of 404 (Not Found) @ https://t0.tianditu.gov.cn/img_w?tk=3434e0337ed4d651277ec7e690a61b4c:0
[    2642ms] [ERROR] Failed to load resource: the server responded with a status of 404 (Not Found) @ https://t0.tianditu.gov.cn/cva_w?tk=3434e0337ed4d651277ec7e690a61b4c:0
[    2643ms] [ERROR] Failed to load resource: the server responded with a status of 404 (Not Found) @ https://t1.tianditu.gov.cn/img_w?tk=3434e0337ed4d651277ec7e690a61b4c:0
[    2643ms] [ERROR] Failed to load resource: the server responded with a status of 404 (Not Found) @ https://t1.tianditu.gov.cn/cva_w?tk=3434e0337ed4d651277ec7e690a61b4c:0
[    2644ms] [ERROR] Failed to load resource: the server responded with a status of 404 (Not Found) @ https://t5.tianditu.gov.cn/img_w?tk=3434e0337ed4d651277ec7e690a61b4c:0
[    2645ms] [ERROR] Failed to load resource: the server responded with a status of 404 (Not Found) @ https://t5.tianditu.gov.cn/cva_w?tk=3434e0337ed4d651277ec7e690a61b4c:0
[    2646ms] [ERROR] Failed to load resource: the server responded with a status of 404 (Not Found) @ https://t1.tianditu.gov.cn/img_w?tk=3434e0337ed4d651277ec7e690a61b4c:0
[    2647ms] [ERROR] Failed to load resource: the server responded with a status of 404 (Not Found) @ https://t1.tianditu.gov.cn/cva_w?tk=3434e0337ed4d651277ec7e690a61b4c:0
[    2661ms] [LOG] An error occurred in "Tw": Failed to obtain image tile X: 55 Y: 26 Level: 6. @ https://cesium.com/downloads/cesiumjs/releases/1.120/Build/Cesium/Cesium.js:85
[    2661ms] [LOG] An error occurred in "Tw": Failed to obtain image tile X: 55 Y: 27 Level: 6. @ https://cesium.com/downloads/cesiumjs/releases/1.120/Build/Cesium/Cesium.js:85
[    2662ms] [LOG] An error occurred in "Tw": Failed to obtain image tile X: 55 Y: 26 Level: 6. @ https://cesium.com/downloads/cesiumjs/releases/1.120/Build/Cesium/Cesium.js:85
[    2662ms] [LOG] An error occurred in "Tw": Failed to obtain image tile X: 55 Y: 25 Level: 6. @ https://cesium.com/downloads/cesiumjs/releases/1.120/Build/Cesium/Cesium.js:85
[    2662ms] [LOG] An error occurred in "Tw": Failed to obtain image tile X: 55 Y: 27 Level: 6. @ https://cesium.com/downloads/cesiumjs/releases/1.120/Build/Cesium/Cesium.js:85
[    2662ms] [LOG] An error occurred in "Tw": Failed to obtain image tile X: 55 Y: 25 Level: 6. @ https://cesium.com/downloads/cesiumjs/releases/1.120/Build/Cesium/Cesium.js:85
[    2662ms] [ERROR] Failed to load resource: the server responded with a status of 404 (Not Found) @ https://t7.tianditu.gov.cn/img_w?tk=3434e0337ed4d651277ec7e690a61b4c:0
[    2663ms] [ERROR] Failed to load resource: the server responded with a status of 404 (Not Found) @ https://t0.tianditu.gov.cn/img_w?tk=3434e0337ed4d651277ec7e690a61b4c:0
[    2663ms] [ERROR] Failed to load resource: the server responded with a status of 404 (Not Found) @ https://t7.tianditu.gov.cn/cva_w?tk=3434e0337ed4d651277ec7e690a61b4c:0
[    2664ms] [ERROR] Failed to load resource: the server responded with a status of 404 (Not Found) @ https://t0.tianditu.gov.cn/cva_w?tk=3434e0337ed4d651277ec7e690a61b4c:0
[    2664ms] [ERROR] Failed to load resource: the server responded with a status of 404 (Not Found) @ https://t2.tianditu.gov.cn/img_w?tk=3434e0337ed4d651277ec7e690a61b4c:0
[    2665ms] [LOG] An error occurred in "Tw": Failed to obtain image tile X: 56 Y: 26 Level: 6. @ https://cesium.com/downloads/cesiumjs/releases/1.120/Build/Cesium/Cesium.js:85
[    2666ms] [LOG] An error occurred in "Tw": Failed to obtain image tile X: 56 Y: 26 Level: 6. @ https://cesium.com/downloads/cesiumjs/releases/1.120/Build/Cesium/Cesium.js:85
[    2667ms] [LOG] An error occurred in "Tw": Failed to obtain image tile X: 55 Y: 28 Level: 6. @ https://cesium.com/downloads/cesiumjs/releases/1.120/Build/Cesium/Cesium.js:85
[    2668ms] [LOG] An error occurred in "Tw": Failed to obtain image tile X: 55 Y: 28 Level: 6. @ https://cesium.com/downloads/cesiumjs/releases/1.120/Build/Cesium/Cesium.js:85
[    2669ms] [LOG] An error occurred in "Tw": Failed to obtain image tile X: 54 Y: 25 Level: 6. @ https://cesium.com/downloads/cesiumjs/releases/1.120/Build/Cesium/Cesium.js:85
[    2669ms] [LOG] An error occurred in "Tw": Failed to obtain image tile X: 54 Y: 25 Level: 6. @ https://cesium.com/downloads/cesiumjs/releases/1.120/Build/Cesium/Cesium.js:85
[    2669ms] [LOG] An error occurred in "Tw": Failed to obtain image tile X: 56 Y: 27 Level: 6. @ https://cesium.com/downloads/cesiumjs/releases/1.120/Build/Cesium/Cesium.js:85
[    2670ms] [LOG] An error occurred in "Tw": Failed to obtain image tile X: 56 Y: 27 Level: 6. @ https://cesium.com/downloads/cesiumjs/releases/1.120/Build/Cesium/Cesium.js:85
[    2679ms] [LOG] An error occurred in "": Failed to obtain terrain tile X: 57 Y: 13 Level: 5. Error message: "undefined" @ https://cesium.com/downloads/cesiumjs/releases/1.120/Build/Cesium/Cesium.js:85
[    2681ms] [LOG] An error occurred in "Tw": Failed to obtain image tile X: 53 Y: 28 Level: 6. @ https://cesium.com/downloads/cesiumjs/releases/1.120/Build/Cesium/Cesium.js:85
[    2682ms] [LOG] An error occurred in "": Failed to obtain terrain tile X: 57 Y: 10 Level: 5. Error message: "undefined" @ https://cesium.com/downloads/cesiumjs/releases/1.120/Build/Cesium/Cesium.js:85
[    2683ms] [LOG] An error occurred in "Tw": Failed to obtain image tile X: 53 Y: 29 Level: 6. @ https://cesium.com/downloads/cesiumjs/releases/1.120/Build/Cesium/Cesium.js:85
[    2683ms] [LOG] An error occurred in "Tw": Failed to obtain image tile X: 53 Y: 28 Level: 6. @ https://cesium.com/downloads/cesiumjs/releases/1.120/Build/Cesium/Cesium.js:85
[    2684ms] [ERROR] Failed to load resource: the server responded with a status of 404 (Not Found) @ https://t2.tianditu.gov.cn/cva_w?tk=3434e0337ed4d651277ec7e690a61b4c:0
[    2685ms] [ERROR] Failed to load resource: the server responded with a status of 404 (Not Found) @ https://t0.tianditu.gov.cn/img_w?tk=3434e0337ed4d651277ec7e690a61b4c:0
[    2685ms] [ERROR] Failed to load resource: the server responded with a status of 404 (Not Found) @ https://t0.tianditu.gov.cn/cva_w?tk=3434e0337ed4d651277ec7e690a61b4c:0
[    2687ms] [LOG] An error occurred in "Tw": Failed to obtain image tile X: 53 Y: 29 Level: 6. @ https://cesium.com/downloads/cesiumjs/releases/1.120/Build/Cesium/Cesium.js:85
[    2688ms] [LOG] An error occurred in "Tw": Failed to obtain image tile X: 56 Y: 28 Level: 6. @ https://cesium.com/downloads/cesiumjs/releases/1.120/Build/Cesium/Cesium.js:85
[    2688ms] [ERROR] Failed to load resource: the server responded with a status of 404 (Not Found) @ https://t4.tianditu.gov.cn/img_w?tk=3434e0337ed4d651277ec7e690a61b4c:0
[    2689ms] [ERROR] Failed to load resource: the server responded with a status of 404 (Not Found) @ https://t5.tianditu.gov.cn/img_w?tk=3434e0337ed4d651277ec7e690a61b4c:0
[    2689ms] [ERROR] Failed to load resource: the server responded with a status of 404 (Not Found) @ https://t4.tianditu.gov.cn/cva_w?tk=3434e0337ed4d651277ec7e690a61b4c:0
[    2689ms] [ERROR] Failed to load resource: the server responded with a status of 404 (Not Found) @ https://t5.tianditu.gov.cn/cva_w?tk=3434e0337ed4d651277ec7e690a61b4c:0
[    2689ms] [ERROR] Failed to load resource: the server responded with a status of 404 (Not Found) @ https://t7.tianditu.gov.cn/img_w?tk=3434e0337ed4d651277ec7e690a61b4c:0
[    2689ms] [ERROR] Failed to load resource: the server responded with a status of 404 (Not Found) @ https://t7.tianditu.gov.cn/cva_w?tk=3434e0337ed4d651277ec7e690a61b4c:0
[    2690ms] [LOG] An error occurred in "Tw": Failed to obtain image tile X: 56 Y: 28 Level: 6. @ https://cesium.com/downloads/cesiumjs/releases/1.120/Build/Cesium/Cesium.js:85
[    2690ms] [LOG] An error occurred in "Tw": Failed to obtain image tile X: 54 Y: 28 Level: 6. @ https://cesium.com/downloads/cesiumjs/releases/1.120/Build/Cesium/Cesium.js:85
[    2691ms] [LOG] An error occurred in "Tw": Failed to obtain image tile X: 54 Y: 28 Level: 6. @ https://cesium.com/downloads/cesiumjs/releases/1.120/Build/Cesium/Cesium.js:85
[    2703ms] [LOG] An error occurred in "": Failed to obtain terrain tile X: 53 Y: 12 Level: 5. Error message: "undefined" @ https://cesium.com/downloads/cesiumjs/releases/1.120/Build/Cesium/Cesium.js:85
[    2704ms] [LOG] An error occurred in "Tw": Failed to obtain image tile X: 53 Y: 25 Level: 6. @ https://cesium.com/downloads/cesiumjs/releases/1.120/Build/Cesium/Cesium.js:85
[    2705ms] [LOG] An error occurred in "Tw": Failed to obtain image tile X: 53 Y: 26 Level: 6. @ https://cesium.com/downloads/cesiumjs/releases/1.120/Build/Cesium/Cesium.js:85
[    2706ms] [LOG] An error occurred in "": Failed to obtain terrain tile X: 52 Y: 12 Level: 5. Error message: "undefined" @ https://cesium.com/downloads/cesiumjs/releases/1.120/Build/Cesium/Cesium.js:85
[    2721ms] [LOG] An error occurred in "Tw": Failed to obtain image tile X: 53 Y: 25 Level: 6. @ https://cesium.com/downloads/cesiumjs/releases/1.120/Build/Cesium/Cesium.js:85
[    2722ms] [LOG] An error occurred in "Tw": Failed to obtain image tile X: 53 Y: 26 Level: 6. @ https://cesium.com/downloads/cesiumjs/releases/1.120/Build/Cesium/Cesium.js:85
[    2722ms] [LOG] An error occurred in "Tw": Failed to obtain image tile X: 56 Y: 25 Level: 6. @ https://cesium.com/downloads/cesiumjs/releases/1.120/Build/Cesium/Cesium.js:85
[    2722ms] [LOG] An error occurred in "Tw": Failed to obtain image tile X: 56 Y: 25 Level: 6. @ https://cesium.com/downloads/cesiumjs/releases/1.120/Build/Cesium/Cesium.js:85
[    2722ms] [ERROR] Failed to load resource: the server responded with a status of 404 (Not Found) @ https://t1.tianditu.gov.cn/img_w?tk=3434e0337ed4d651277ec7e690a61b4c:0
[    2723ms] [ERROR] Failed to load resource: the server responded with a status of 404 (Not Found) @ https://t1.tianditu.gov.cn/cva_w?tk=3434e0337ed4d651277ec7e690a61b4c:0
[    2723ms] [ERROR] Failed to load resource: the server responded with a status of 404 (Not Found) @ https://t2.tianditu.gov.cn/img_w?tk=3434e0337ed4d651277ec7e690a61b4c:0
[    2723ms] [ERROR] Failed to load resource: the server responded with a status of 404 (Not Found) @ https://t2.tianditu.gov.cn/cva_w?tk=3434e0337ed4d651277ec7e690a61b4c:0
[    2740ms] [LOG] An error occurred in "Tw": Failed to obtain image tile X: 54 Y: 29 Level: 6. @ https://cesium.com/downloads/cesiumjs/releases/1.120/Build/Cesium/Cesium.js:85
[    2740ms] [LOG] An error occurred in "Tw": Failed to obtain image tile X: 54 Y: 29 Level: 6. @ https://cesium.com/downloads/cesiumjs/releases/1.120/Build/Cesium/Cesium.js:85
[    2740ms] [LOG] An error occurred in "Tw": Failed to obtain image tile X: 55 Y: 29 Level: 6. @ https://cesium.com/downloads/cesiumjs/releases/1.120/Build/Cesium/Cesium.js:85
[    2740ms] [LOG] An error occurred in "Tw": Failed to obtain image tile X: 55 Y: 29 Level: 6. @ https://cesium.com/downloads/cesiumjs/releases/1.120/Build/Cesium/Cesium.js:85
[    2747ms] [LOG] An error occurred in "": Failed to obtain terrain tile X: 52 Y: 13 Level: 5. Error message: "undefined" @ https://cesium.com/downloads/cesiumjs/releases/1.120/Build/Cesium/Cesium.js:85
[    2750ms] [ERROR] Failed to load resource: the server responded with a status of 404 (Not Found) @ https://t4.tianditu.gov.cn/img_w?tk=3434e0337ed4d651277ec7e690a61b4c:0
[    2751ms] [ERROR] Failed to load resource: the server responded with a status of 404 (Not Found) @ https://t5.tianditu.gov.cn/img_w?tk=3434e0337ed4d651277ec7e690a61b4c:0
[    2751ms] [ERROR] Failed to load resource: the server responded with a status of 404 (Not Found) @ https://t4.tianditu.gov.cn/cva_w?tk=3434e0337ed4d651277ec7e690a61b4c:0
[    2762ms] [ERROR] Failed to load resource: the server responded with a status of 404 (Not Found) @ https://t5.tianditu.gov.cn/cva_w?tk=3434e0337ed4d651277ec7e690a61b4c:0
[    2762ms] [LOG] An error occurred in "Tw": Failed to obtain image tile X: 52 Y: 26 Level: 6. @ https://cesium.com/downloads/cesiumjs/releases/1.120/Build/Cesium/Cesium.js:85
[    2764ms] [ERROR] Failed to load resource: the server responded with a status of 404 (Not Found) @ https://t6.tianditu.gov.cn/img_w?tk=3434e0337ed4d651277ec7e690a61b4c:0
[    2764ms] [ERROR] Failed to load resource: the server responded with a status of 404 (Not Found) @ https://t6.tianditu.gov.cn/cva_w?tk=3434e0337ed4d651277ec7e690a61b4c:0
[    2765ms] [LOG] An error occurred in "Tw": Failed to obtain image tile X: 52 Y: 27 Level: 6. @ https://cesium.com/downloads/cesiumjs/releases/1.120/Build/Cesium/Cesium.js:85
[    2767ms] [LOG] An error occurred in "Tw": Failed to obtain image tile X: 52 Y: 26 Level: 6. @ https://cesium.com/downloads/cesiumjs/releases/1.120/Build/Cesium/Cesium.js:85
[    2768ms] [LOG] An error occurred in "Tw": Failed to obtain image tile X: 52 Y: 27 Level: 6. @ https://cesium.com/downloads/cesiumjs/releases/1.120/Build/Cesium/Cesium.js:85
[    2768ms] [LOG] An error occurred in "Tw": Failed to obtain image tile X: 53 Y: 27 Level: 6. @ https://cesium.com/downloads/cesiumjs/releases/1.120/Build/Cesium/Cesium.js:85
[    2772ms] [LOG] An error occurred in "Tw": Failed to obtain image tile X: 53 Y: 27 Level: 6. @ https://cesium.com/downloads/cesiumjs/releases/1.120/Build/Cesium/Cesium.js:85
[    2792ms] [ERROR] Failed to load resource: the server responded with a status of 404 (Not Found) @ https://t6.tianditu.gov.cn/img_w?tk=3434e0337ed4d651277ec7e690a61b4c:0
[    2792ms] [ERROR] Failed to load resource: the server responded with a status of 404 (Not Found) @ https://t6.tianditu.gov.cn/cva_w?tk=3434e0337ed4d651277ec7e690a61b4c:0
[    2793ms] [ERROR] Failed to load resource: the server responded with a status of 404 (Not Found) @ https://t3.tianditu.gov.cn/img_w?tk=3434e0337ed4d651277ec7e690a61b4c:0
[    2793ms] [ERROR] Failed to load resource: the server responded with a status of 404 (Not Found) @ https://t3.tianditu.gov.cn/cva_w?tk=3434e0337ed4d651277ec7e690a61b4c:0
[    2794ms] [LOG] An error occurred in "Tw": Failed to obtain image tile X: 52 Y: 28 Level: 6. @ https://cesium.com/downloads/cesiumjs/releases/1.120/Build/Cesium/Cesium.js:85
[    2794ms] [LOG] An error occurred in "Tw": Failed to obtain image tile X: 52 Y: 28 Level: 6. @ https://cesium.com/downloads/cesiumjs/releases/1.120/Build/Cesium/Cesium.js:85
[    2794ms] [LOG] An error occurred in "Tw": Failed to obtain image tile X: 25 Y: 13 Level: 5. @ https://cesium.com/downloads/cesiumjs/releases/1.120/Build/Cesium/Cesium.js:85
[    2799ms] [LOG] An error occurred in "Tw": Failed to obtain image tile X: 25 Y: 13 Level: 5. @ https://cesium.com/downloads/cesiumjs/releases/1.120/Build/Cesium/Cesium.js:85
[    2800ms] [ERROR] Failed to load resource: the server responded with a status of 404 (Not Found) @ https://t7.tianditu.gov.cn/img_w?tk=3434e0337ed4d651277ec7e690a61b4c:0
[    2800ms] [ERROR] Failed to load resource: the server responded with a status of 404 (Not Found) @ https://t7.tianditu.gov.cn/cva_w?tk=3434e0337ed4d651277ec7e690a61b4c:0
[    2805ms] [LOG] An error occurred in "Tw": Failed to obtain image tile X: 52 Y: 29 Level: 6. @ https://cesium.com/downloads/cesiumjs/releases/1.120/Build/Cesium/Cesium.js:85
[    2806ms] [LOG] An error occurred in "Tw": Failed to obtain image tile X: 52 Y: 29 Level: 6. @ https://cesium.com/downloads/cesiumjs/releases/1.120/Build/Cesium/Cesium.js:85
[    2819ms] [ERROR] Failed to load resource: the server responded with a status of 404 (Not Found) @ https://t3.tianditu.gov.cn/img_w?tk=3434e0337ed4d651277ec7e690a61b4c:0
[    2820ms] [ERROR] Failed to load resource: the server responded with a status of 404 (Not Found) @ https://t3.tianditu.gov.cn/cva_w?tk=3434e0337ed4d651277ec7e690a61b4c:0
[    2823ms] [LOG] An error occurred in "Tw": Failed to obtain image tile X: 52 Y: 25 Level: 6. @ https://cesium.com/downloads/cesiumjs/releases/1.120/Build/Cesium/Cesium.js:85
[    2824ms] [LOG] An error occurred in "Tw": Failed to obtain image tile X: 52 Y: 25 Level: 6. @ https://cesium.com/downloads/cesiumjs/releases/1.120/Build/Cesium/Cesium.js:85
[    2896ms] [ERROR] Failed to load resource: the server responded with a status of 404 (Not Found) @ https://t7.tianditu.gov.cn/img_w?tk=3434e0337ed4d651277ec7e690a61b4c:0
[    2897ms] [ERROR] Failed to load resource: the server responded with a status of 404 (Not Found) @ https://t7.tianditu.gov.cn/cva_w?tk=3434e0337ed4d651277ec7e690a61b4c:0
[    2898ms] [LOG] An error occurred in "Tw": Failed to obtain image tile X: 12 Y: 7 Level: 4. @ https://cesium.com/downloads/cesiumjs/releases/1.120/Build/Cesium/Cesium.js:85
[    2900ms] [LOG] An error occurred in "Tw": Failed to obtain image tile X: 12 Y: 7 Level: 4. @ https://cesium.com/downloads/cesiumjs/releases/1.120/Build/Cesium/Cesium.js:85
[    2940ms] [ERROR] Failed to load resource: the server responded with a status of 404 (Not Found) @ https://t4.tianditu.gov.cn/img_w?tk=3434e0337ed4d651277ec7e690a61b4c:0
[    2951ms] [LOG] An error occurred in "Tw": Failed to obtain image tile X: 25 Y: 14 Level: 5. @ https://cesium.com/downloads/cesiumjs/releases/1.120/Build/Cesium/Cesium.js:85
[    2952ms] [ERROR] Failed to load resource: the server responded with a status of 404 (Not Found) @ https://t4.tianditu.gov.cn/cva_w?tk=3434e0337ed4d651277ec7e690a61b4c:0
[    2953ms] [LOG] An error occurred in "Tw": Failed to obtain image tile X: 25 Y: 14 Level: 5. @ https://cesium.com/downloads/cesiumjs/releases/1.120/Build/Cesium/Cesium.js:85
[    2954ms] [ERROR] Failed to load resource: the server responded with a status of 404 (Not Found) @ https://t7.tianditu.gov.cn/img_w?tk=3434e0337ed4d651277ec7e690a61b4c:0
[    2955ms] [ERROR] Failed to load resource: the server responded with a status of 404 (Not Found) @ https://t0.tianditu.gov.cn/img_w?tk=3434e0337ed4d651277ec7e690a61b4c:0
[    2956ms] [ERROR] Failed to load resource: the server responded with a status of 404 (Not Found) @ https://t7.tianditu.gov.cn/cva_w?tk=3434e0337ed4d651277ec7e690a61b4c:0
[    2956ms] [ERROR] Failed to load resource: the server responded with a status of 404 (Not Found) @ https://t0.tianditu.gov.cn/cva_w?tk=3434e0337ed4d651277ec7e690a61b4c:0
[    2956ms] [ERROR] Failed to load resource: the server responded with a status of 404 (Not Found) @ https://t1.tianditu.gov.cn/img_w?tk=3434e0337ed4d651277ec7e690a61b4c:0
[    2957ms] [ERROR] Failed to load resource: the server responded with a status of 404 (Not Found) @ https://t1.tianditu.gov.cn/cva_w?tk=3434e0337ed4d651277ec7e690a61b4c:0
[    2960ms] [LOG] An error occurred in "Tw": Failed to obtain image tile X: 106 Y: 54 Level: 7. @ https://cesium.com/downloads/cesiumjs/releases/1.120/Build/Cesium/Cesium.js:85
[    2960ms] [LOG] An error occurred in "Tw": Failed to obtain image tile X: 106 Y: 55 Level: 7. @ https://cesium.com/downloads/cesiumjs/releases/1.120/Build/Cesium/Cesium.js:85
[    2962ms] [LOG] An error occurred in "Tw": Failed to obtain image tile X: 106 Y: 54 Level: 7. @ https://cesium.com/downloads/cesiumjs/releases/1.120/Build/Cesium/Cesium.js:85
[    2965ms] [LOG] An error occurred in "Tw": Failed to obtain image tile X: 106 Y: 55 Level: 7. @ https://cesium.com/downloads/cesiumjs/releases/1.120/Build/Cesium/Cesium.js:85
[    2968ms] [LOG] An error occurred in "Tw": Failed to obtain image tile X: 107 Y: 55 Level: 7. @ https://cesium.com/downloads/cesiumjs/releases/1.120/Build/Cesium/Cesium.js:85
[    2971ms] [LOG] An error occurred in "Tw": Failed to obtain image tile X: 107 Y: 55 Level: 7. @ https://cesium.com/downloads/cesiumjs/releases/1.120/Build/Cesium/Cesium.js:85
[    2974ms] [ERROR] Failed to load resource: the server responded with a status of 404 (Not Found) @ https://t0.tianditu.gov.cn/img_w?tk=3434e0337ed4d651277ec7e690a61b4c:0
[    2975ms] [ERROR] Failed to load resource: the server responded with a status of 404 (Not Found) @ https://t0.tianditu.gov.cn/cva_w?tk=3434e0337ed4d651277ec7e690a61b4c:0
[    2976ms] [LOG] An error occurred in "Tw": Failed to obtain image tile X: 107 Y: 54 Level: 7. @ https://cesium.com/downloads/cesiumjs/releases/1.120/Build/Cesium/Cesium.js:85
[    2977ms] [LOG] An error occurred in "Tw": Failed to obtain image tile X: 107 Y: 54 Level: 7. @ https://cesium.com/downloads/cesiumjs/releases/1.120/Build/Cesium/Cesium.js:85
[    3007ms] [LOG] An error occurred in "": Failed to obtain terrain tile X: 107 Y: 22 Level: 6. Error message: "undefined" @ https://cesium.com/downloads/cesiumjs/releases/1.120/Build/Cesium/Cesium.js:85
[    3019ms] [ERROR] Failed to load resource: the server responded with a status of 404 (Not Found) @ https://t6.tianditu.gov.cn/img_w?tk=3434e0337ed4d651277ec7e690a61b4c:0
[    3020ms] [ERROR] Failed to load resource: the server responded with a status of 404 (Not Found) @ https://t6.tianditu.gov.cn/cva_w?tk=3434e0337ed4d651277ec7e690a61b4c:0
[    3027ms] [LOG] An error occurred in "Tw": Failed to obtain image tile X: 106 Y: 53 Level: 7. @ https://cesium.com/downloads/cesiumjs/releases/1.120/Build/Cesium/Cesium.js:85
[    3033ms] [LOG] An error occurred in "Tw": Failed to obtain image tile X: 106 Y: 53 Level: 7. @ https://cesium.com/downloads/cesiumjs/releases/1.120/Build/Cesium/Cesium.js:85
[    3060ms] [ERROR] Failed to load resource: the server responded with a status of 404 (Not Found) @ https://t7.tianditu.gov.cn/img_w?tk=3434e0337ed4d651277ec7e690a61b4c:0
[    3060ms] [ERROR] Failed to load resource: the server responded with a status of 404 (Not Found) @ https://t7.tianditu.gov.cn/cva_w?tk=3434e0337ed4d651277ec7e690a61b4c:0
[    3065ms] [LOG] An error occurred in "Tw": Failed to obtain image tile X: 107 Y: 53 Level: 7. @ https://cesium.com/downloads/cesiumjs/releases/1.120/Build/Cesium/Cesium.js:85
[    3070ms] [LOG] An error occurred in "Tw": Failed to obtain image tile X: 107 Y: 53 Level: 7. @ https://cesium.com/downloads/cesiumjs/releases/1.120/Build/Cesium/Cesium.js:85
[    3112ms] [ERROR] Failed to load resource: the server responded with a status of 404 (Not Found) @ https://t4.tianditu.gov.cn/img_w?tk=3434e0337ed4d651277ec7e690a61b4c:0
[    3113ms] [ERROR] Failed to load resource: the server responded with a status of 404 (Not Found) @ https://t5.tianditu.gov.cn/img_w?tk=3434e0337ed4d651277ec7e690a61b4c:0
[    3114ms] [ERROR] Failed to load resource: the server responded with a status of 404 (Not Found) @ https://t4.tianditu.gov.cn/cva_w?tk=3434e0337ed4d651277ec7e690a61b4c:0
[    3114ms] [ERROR] Failed to load resource: the server responded with a status of 404 (Not Found) @ https://t5.tianditu.gov.cn/cva_w?tk=3434e0337ed4d651277ec7e690a61b4c:0
[    3148ms] [LOG] An error occurred in "Tw": Failed to obtain image tile X: 51 Y: 27 Level: 6. @ https://cesium.com/downloads/cesiumjs/releases/1.120/Build/Cesium/Cesium.js:85
[    3148ms] [LOG] An error occurred in "Tw": Failed to obtain image tile X: 51 Y: 28 Level: 6. @ https://cesium.com/downloads/cesiumjs/releases/1.120/Build/Cesium/Cesium.js:85
[    3149ms] [LOG] An error occurred in "Tw": Failed to obtain image tile X: 51 Y: 27 Level: 6. @ https://cesium.com/downloads/cesiumjs/releases/1.120/Build/Cesium/Cesium.js:85
[    3150ms] [LOG] An error occurred in "Tw": Failed to obtain image tile X: 51 Y: 28 Level: 6. @ https://cesium.com/downloads/cesiumjs/releases/1.120/Build/Cesium/Cesium.js:85
[    3169ms] [LOG] An error occurred in "": Failed to obtain terrain tile X: 51 Y: 13 Level: 5. Error message: "undefined" @ https://cesium.com/downloads/cesiumjs/releases/1.120/Build/Cesium/Cesium.js:85
[    3189ms] [ERROR] Failed to load resource: the server responded with a status of 404 (Not Found) @ https://t4.tianditu.gov.cn/img_w?tk=3434e0337ed4d651277ec7e690a61b4c:0
[    3204ms] [ERROR] Failed to load resource: the server responded with a status of 404 (Not Found) @ https://t5.tianditu.gov.cn/img_w?tk=3434e0337ed4d651277ec7e690a61b4c:0
[    3204ms] [ERROR] Failed to load resource: the server responded with a status of 404 (Not Found) @ https://t4.tianditu.gov.cn/cva_w?tk=3434e0337ed4d651277ec7e690a61b4c:0
[    3205ms] [ERROR] Failed to load resource: the server responded with a status of 404 (Not Found) @ https://t5.tianditu.gov.cn/cva_w?tk=3434e0337ed4d651277ec7e690a61b4c:0
[    3205ms] [ERROR] Failed to load resource: the server responded with a status of 404 (Not Found) @ https://t6.tianditu.gov.cn/img_w?tk=3434e0337ed4d651277ec7e690a61b4c:0
[    3205ms] [ERROR] Failed to load resource: the server responded with a status of 404 (Not Found) @ https://t6.tianditu.gov.cn/cva_w?tk=3434e0337ed4d651277ec7e690a61b4c:0
[    3205ms] [ERROR] Failed to load resource: the server responded with a status of 404 (Not Found) @ https://t3.tianditu.gov.cn/img_w?tk=3434e0337ed4d651277ec7e690a61b4c:0
[    3205ms] [ERROR] Failed to load resource: the server responded with a status of 404 (Not Found) @ https://t3.tianditu.gov.cn/cva_w?tk=3434e0337ed4d651277ec7e690a61b4c:0
[    3206ms] [ERROR] Failed to load resource: the server responded with a status of 404 (Not Found) @ https://t5.tianditu.gov.cn/img_w?tk=3434e0337ed4d651277ec7e690a61b4c:0
[    3206ms] [ERROR] Failed to load resource: the server responded with a status of 404 (Not Found) @ https://t5.tianditu.gov.cn/cva_w?tk=3434e0337ed4d651277ec7e690a61b4c:0
[    3209ms] [LOG] An error occurred in "Tw": Failed to obtain image tile X: 103 Y: 54 Level: 7. @ https://cesium.com/downloads/cesiumjs/releases/1.120/Build/Cesium/Cesium.js:85
[    3210ms] [LOG] An error occurred in "Tw": Failed to obtain image tile X: 103 Y: 55 Level: 7. @ https://cesium.com/downloads/cesiumjs/releases/1.120/Build/Cesium/Cesium.js:85
[    3210ms] [LOG] An error occurred in "Tw": Failed to obtain image tile X: 103 Y: 54 Level: 7. @ https://cesium.com/downloads/cesiumjs/releases/1.120/Build/Cesium/Cesium.js:85
[    3210ms] [LOG] An error occurred in "Tw": Failed to obtain image tile X: 103 Y: 55 Level: 7. @ https://cesium.com/downloads/cesiumjs/releases/1.120/Build/Cesium/Cesium.js:85
[    3210ms] [LOG] An error occurred in "Tw": Failed to obtain image tile X: 105 Y: 54 Level: 7. @ https://cesium.com/downloads/cesiumjs/releases/1.120/Build/Cesium/Cesium.js:85
[    3210ms] [LOG] An error occurred in "Tw": Failed to obtain image tile X: 105 Y: 54 Level: 7. @ https://cesium.com/downloads/cesiumjs/releases/1.120/Build/Cesium/Cesium.js:85
[    3210ms] [LOG] An error occurred in "Tw": Failed to obtain image tile X: 51 Y: 26 Level: 6. @ https://cesium.com/downloads/cesiumjs/releases/1.120/Build/Cesium/Cesium.js:85
[    3211ms] [LOG] An error occurred in "Tw": Failed to obtain image tile X: 51 Y: 26 Level: 6. @ https://cesium.com/downloads/cesiumjs/releases/1.120/Build/Cesium/Cesium.js:85
[    3211ms] [LOG] An error occurred in "Tw": Failed to obtain image tile X: 105 Y: 53 Level: 7. @ https://cesium.com/downloads/cesiumjs/releases/1.120/Build/Cesium/Cesium.js:85
[    3211ms] [LOG] An error occurred in "Tw": Failed to obtain image tile X: 105 Y: 53 Level: 7. @ https://cesium.com/downloads/cesiumjs/releases/1.120/Build/Cesium/Cesium.js:85
[    3247ms] [ERROR] Failed to load resource: the server responded with a status of 404 (Not Found) @ https://t7.tianditu.gov.cn/img_w?tk=3434e0337ed4d651277ec7e690a61b4c:0
[    3248ms] [ERROR] Failed to load resource: the server responded with a status of 404 (Not Found) @ https://t7.tianditu.gov.cn/cva_w?tk=3434e0337ed4d651277ec7e690a61b4c:0
[    3248ms] [ERROR] Failed to load resource: the server responded with a status of 404 (Not Found) @ https://t6.tianditu.gov.cn/img_w?tk=3434e0337ed4d651277ec7e690a61b4c:0
[    3250ms] [LOG] An error occurred in "Tw": Failed to obtain image tile X: 105 Y: 55 Level: 7. @ https://cesium.com/downloads/cesiumjs/releases/1.120/Build/Cesium/Cesium.js:85
[    3250ms] [LOG] An error occurred in "Tw": Failed to obtain image tile X: 105 Y: 55 Level: 7. @ https://cesium.com/downloads/cesiumjs/releases/1.120/Build/Cesium/Cesium.js:85
[    3251ms] [LOG] An error occurred in "Tw": Failed to obtain image tile X: 103 Y: 56 Level: 7. @ https://cesium.com/downloads/cesiumjs/releases/1.120/Build/Cesium/Cesium.js:85
[    3252ms] [ERROR] Failed to load resource: the server responded with a status of 404 (Not Found) @ https://t6.tianditu.gov.cn/cva_w?tk=3434e0337ed4d651277ec7e690a61b4c:0
[    3272ms] [LOG] An error occurred in "Tw": Failed to obtain image tile X: 103 Y: 56 Level: 7. @ https://cesium.com/downloads/cesiumjs/releases/1.120/Build/Cesium/Cesium.js:85
[    3273ms] [ERROR] Failed to load resource: the server responded with a status of 404 (Not Found) @ https://t4.tianditu.gov.cn/img_w?tk=3434e0337ed4d651277ec7e690a61b4c:0
[    3275ms] [ERROR] Failed to load resource: the server responded with a status of 404 (Not Found) @ https://t5.tianditu.gov.cn/img_w?tk=3434e0337ed4d651277ec7e690a61b4c:0
[    3276ms] [ERROR] Failed to load resource: the server responded with a status of 404 (Not Found) @ https://t4.tianditu.gov.cn/cva_w?tk=3434e0337ed4d651277ec7e690a61b4c:0
[    3277ms] [ERROR] Failed to load resource: the server responded with a status of 404 (Not Found) @ https://t5.tianditu.gov.cn/cva_w?tk=3434e0337ed4d651277ec7e690a61b4c:0
[    3279ms] [LOG] An error occurred in "Tw": Failed to obtain image tile X: 104 Y: 53 Level: 7. @ https://cesium.com/downloads/cesiumjs/releases/1.120/Build/Cesium/Cesium.js:85
[    3280ms] [LOG] An error occurred in "Tw": Failed to obtain image tile X: 104 Y: 54 Level: 7. @ https://cesium.com/downloads/cesiumjs/releases/1.120/Build/Cesium/Cesium.js:85
[    3282ms] [LOG] An error occurred in "Tw": Failed to obtain image tile X: 104 Y: 53 Level: 7. @ https://cesium.com/downloads/cesiumjs/releases/1.120/Build/Cesium/Cesium.js:85
[    3289ms] [LOG] An error occurred in "Tw": Failed to obtain image tile X: 104 Y: 54 Level: 7. @ https://cesium.com/downloads/cesiumjs/releases/1.120/Build/Cesium/Cesium.js:85
[    3290ms] [ERROR] Failed to load resource: the server responded with a status of 404 (Not Found) @ https://t3.tianditu.gov.cn/img_w?tk=3434e0337ed4d651277ec7e690a61b4c:0
[    3290ms] [ERROR] Failed to load resource: the server responded with a status of 404 (Not Found) @ https://t3.tianditu.gov.cn/cva_w?tk=3434e0337ed4d651277ec7e690a61b4c:0
[    3291ms] [ERROR] Failed to load resource: the server responded with a status of 404 (Not Found) @ https://t7.tianditu.gov.cn/img_w?tk=3434e0337ed4d651277ec7e690a61b4c:0
[    3292ms] [LOG] An error occurred in "Tw": Failed to obtain image tile X: 103 Y: 53 Level: 7. @ https://cesium.com/downloads/cesiumjs/releases/1.120/Build/Cesium/Cesium.js:85
[    3292ms] [ERROR] Failed to load resource: the server responded with a status of 404 (Not Found) @ https://t7.tianditu.gov.cn/cva_w?tk=3434e0337ed4d651277ec7e690a61b4c:0
[    3293ms] [LOG] An error occurred in "Tw": Failed to obtain image tile X: 103 Y: 53 Level: 7. @ https://cesium.com/downloads/cesiumjs/releases/1.120/Build/Cesium/Cesium.js:85
[    3293ms] [LOG] An error occurred in "Tw": Failed to obtain image tile X: 103 Y: 57 Level: 7. @ https://cesium.com/downloads/cesiumjs/releases/1.120/Build/Cesium/Cesium.js:85
[    3296ms] [LOG] An error occurred in "Tw": Failed to obtain image tile X: 103 Y: 57 Level: 7. @ https://cesium.com/downloads/cesiumjs/releases/1.120/Build/Cesium/Cesium.js:85
[    3331ms] [ERROR] Failed to load resource: the server responded with a status of 404 (Not Found) @ https://t6.tianditu.gov.cn/img_w?tk=3434e0337ed4d651277ec7e690a61b4c:0
[    3332ms] [ERROR] Failed to load resource: the server responded with a status of 404 (Not Found) @ https://t6.tianditu.gov.cn/cva_w?tk=3434e0337ed4d651277ec7e690a61b4c:0
[    3338ms] [LOG] An error occurred in "Tw": Failed to obtain image tile X: 104 Y: 55 Level: 7. @ https://cesium.com/downloads/cesiumjs/releases/1.120/Build/Cesium/Cesium.js:85
[    3338ms] [LOG] An error occurred in "Tw": Failed to obtain image tile X: 104 Y: 55 Level: 7. @ https://cesium.com/downloads/cesiumjs/releases/1.120/Build/Cesium/Cesium.js:85
[    3424ms] [ERROR] Failed to load resource: the server responded with a status of 404 (Not Found) @ https://t6.tianditu.gov.cn/img_w?tk=3434e0337ed4d651277ec7e690a61b4c:0
[    3426ms] [ERROR] Failed to load resource: the server responded with a status of 404 (Not Found) @ https://t7.tianditu.gov.cn/img_w?tk=3434e0337ed4d651277ec7e690a61b4c:0
[    3447ms] [LOG] An error occurred in "": Failed to obtain terrain tile X: 207 Y: 49 Level: 7. Error message: "undefined" @ https://cesium.com/downloads/cesiumjs/releases/1.120/Build/Cesium/Cesium.js:85
[    3447ms] [ERROR] Failed to load resource: the server responded with a status of 404 (Not Found) @ https://t6.tianditu.gov.cn/cva_w?tk=3434e0337ed4d651277ec7e690a61b4c:0
[    3460ms] [ERROR] Failed to load resource: the server responded with a status of 404 (Not Found) @ https://t7.tianditu.gov.cn/cva_w?tk=3434e0337ed4d651277ec7e690a61b4c:0
[    3460ms] [ERROR] Failed to load resource: the server responded with a status of 404 (Not Found) @ https://t5.tianditu.gov.cn/img_w?tk=3434e0337ed4d651277ec7e690a61b4c:0
[    3461ms] [ERROR] Failed to load resource: the server responded with a status of 404 (Not Found) @ https://t5.tianditu.gov.cn/cva_w?tk=3434e0337ed4d651277ec7e690a61b4c:0
[    3471ms] [LOG] An error occurred in "Tw": Failed to obtain image tile X: 207 Y: 111 Level: 8. @ https://cesium.com/downloads/cesiumjs/releases/1.120/Build/Cesium/Cesium.js:85
[    3471ms] [LOG] An error occurred in "Tw": Failed to obtain image tile X: 207 Y: 112 Level: 8. @ https://cesium.com/downloads/cesiumjs/releases/1.120/Build/Cesium/Cesium.js:85
[    3471ms] [LOG] An error occurred in "Tw": Failed to obtain image tile X: 207 Y: 111 Level: 8. @ https://cesium.com/downloads/cesiumjs/releases/1.120/Build/Cesium/Cesium.js:85
[    3477ms] [ERROR] Failed to load resource: the server responded with a status of 404 (Not Found) @ https://t6.tianditu.gov.cn/img_w?tk=3434e0337ed4d651277ec7e690a61b4c:0
[    3478ms] [ERROR] Failed to load resource: the server responded with a status of 404 (Not Found) @ https://t7.tianditu.gov.cn/img_w?tk=3434e0337ed4d651277ec7e690a61b4c:0
[    3479ms] [LOG] An error occurred in "Tw": Failed to obtain image tile X: 207 Y: 112 Level: 8. @ https://cesium.com/downloads/cesiumjs/releases/1.120/Build/Cesium/Cesium.js:85
[    3480ms] [LOG] An error occurred in "Tw": Failed to obtain image tile X: 207 Y: 110 Level: 8. @ https://cesium.com/downloads/cesiumjs/releases/1.120/Build/Cesium/Cesium.js:85
[    3481ms] [LOG] An error occurred in "Tw": Failed to obtain image tile X: 207 Y: 110 Level: 8. @ https://cesium.com/downloads/cesiumjs/releases/1.120/Build/Cesium/Cesium.js:85
[    3482ms] [ERROR] Failed to load resource: the server responded with a status of 404 (Not Found) @ https://t6.tianditu.gov.cn/cva_w?tk=3434e0337ed4d651277ec7e690a61b4c:0
[    3484ms] [ERROR] Failed to load resource: the server responded with a status of 404 (Not Found) @ https://t7.tianditu.gov.cn/cva_w?tk=3434e0337ed4d651277ec7e690a61b4c:0
[    3485ms] [LOG] An error occurred in "Tw": Failed to obtain image tile X: 208 Y: 110 Level: 8. @ https://cesium.com/downloads/cesiumjs/releases/1.120/Build/Cesium/Cesium.js:85
[    3486ms] [LOG] An error occurred in "Tw": Failed to obtain image tile X: 208 Y: 111 Level: 8. @ https://cesium.com/downloads/cesiumjs/releases/1.120/Build/Cesium/Cesium.js:85
[    3486ms] [LOG] An error occurred in "Tw": Failed to obtain image tile X: 208 Y: 110 Level: 8. @ https://cesium.com/downloads/cesiumjs/releases/1.120/Build/Cesium/Cesium.js:85
[    3486ms] [LOG] An error occurred in "Tw": Failed to obtain image tile X: 208 Y: 111 Level: 8. @ https://cesium.com/downloads/cesiumjs/releases/1.120/Build/Cesium/Cesium.js:85
[    3509ms] [ERROR] Failed to load resource: the server responded with a status of 404 (Not Found) @ https://t7.tianditu.gov.cn/img_w?tk=3434e0337ed4d651277ec7e690a61b4c:0
[    3509ms] [ERROR] Failed to load resource: the server responded with a status of 404 (Not Found) @ https://t0.tianditu.gov.cn/img_w?tk=3434e0337ed4d651277ec7e690a61b4c:0
[    3509ms] [ERROR] Failed to load resource: the server responded with a status of 404 (Not Found) @ https://t7.tianditu.gov.cn/cva_w?tk=3434e0337ed4d651277ec7e690a61b4c:0
[    3509ms] [ERROR] Failed to load resource: the server responded with a status of 404 (Not Found) @ https://t0.tianditu.gov.cn/cva_w?tk=3434e0337ed4d651277ec7e690a61b4c:0
[    3511ms] [LOG] An error occurred in "Tw": Failed to obtain image tile X: 209 Y: 110 Level: 8. @ https://cesium.com/downloads/cesiumjs/releases/1.120/Build/Cesium/Cesium.js:85
[    3521ms] [ERROR] Failed to load resource: the server responded with a status of 404 (Not Found) @ https://t0.tianditu.gov.cn/img_w?tk=3434e0337ed4d651277ec7e690a61b4c:0
[    3521ms] [ERROR] Failed to load resource: the server responded with a status of 404 (Not Found) @ https://t0.tianditu.gov.cn/cva_w?tk=3434e0337ed4d651277ec7e690a61b4c:0
[    3522ms] [LOG] An error occurred in "Tw": Failed to obtain image tile X: 209 Y: 111 Level: 8. @ https://cesium.com/downloads/cesiumjs/releases/1.120/Build/Cesium/Cesium.js:85
[    3523ms] [LOG] An error occurred in "Tw": Failed to obtain image tile X: 209 Y: 110 Level: 8. @ https://cesium.com/downloads/cesiumjs/releases/1.120/Build/Cesium/Cesium.js:85
[    3523ms] [LOG] An error occurred in "Tw": Failed to obtain image tile X: 209 Y: 111 Level: 8. @ https://cesium.com/downloads/cesiumjs/releases/1.120/Build/Cesium/Cesium.js:85
[    3523ms] [LOG] An error occurred in "Tw": Failed to obtain image tile X: 207 Y: 113 Level: 8. @ https://cesium.com/downloads/cesiumjs/releases/1.120/Build/Cesium/Cesium.js:85
[    3538ms] [LOG] An error occurred in "Tw": Failed to obtain image tile X: 207 Y: 113 Level: 8. @ https://cesium.com/downloads/cesiumjs/releases/1.120/Build/Cesium/Cesium.js:85
[    3713ms] [ERROR] Failed to load resource: the server responded with a status of 404 (Not Found) @ https://t3.tianditu.gov.cn/img_w?tk=3434e0337ed4d651277ec7e690a61b4c:0
[    3714ms] [ERROR] Failed to load resource: the server responded with a status of 404 (Not Found) @ https://t4.tianditu.gov.cn/img_w?tk=3434e0337ed4d651277ec7e690a61b4c:0
[    3714ms] [ERROR] Failed to load resource: the server responded with a status of 404 (Not Found) @ https://t3.tianditu.gov.cn/cva_w?tk=3434e0337ed4d651277ec7e690a61b4c:0
[    3714ms] [ERROR] Failed to load resource: the server responded with a status of 404 (Not Found) @ https://t4.tianditu.gov.cn/cva_w?tk=3434e0337ed4d651277ec7e690a61b4c:0
[    3714ms] [ERROR] Failed to load resource: the server responded with a status of 404 (Not Found) @ https://t5.tianditu.gov.cn/img_w?tk=3434e0337ed4d651277ec7e690a61b4c:0
[    3714ms] [ERROR] Failed to load resource: the server responded with a status of 404 (Not Found) @ https://t5.tianditu.gov.cn/cva_w?tk=3434e0337ed4d651277ec7e690a61b4c:0
[    3714ms] [ERROR] Failed to load resource: the server responded with a status of 404 (Not Found) @ https://t6.tianditu.gov.cn/img_w?tk=3434e0337ed4d651277ec7e690a61b4c:0
[    3714ms] [ERROR] Failed to load resource: the server responded with a status of 404 (Not Found) @ https://t6.tianditu.gov.cn/cva_w?tk=3434e0337ed4d651277ec7e690a61b4c:0
[    3715ms] [ERROR] Failed to load resource: the server responded with a status of 404 (Not Found) @ https://t3.tianditu.gov.cn/img_w?tk=3434e0337ed4d651277ec7e690a61b4c:0
[    3734ms] [ERROR] Failed to load resource: the server responded with a status of 404 (Not Found) @ https://t4.tianditu.gov.cn/img_w?tk=3434e0337ed4d651277ec7e690a61b4c:0
[    3734ms] [LOG] An error occurred in "Tw": Failed to obtain image tile X: 206 Y: 109 Level: 8. @ https://cesium.com/downloads/cesiumjs/releases/1.120/Build/Cesium/Cesium.js:85
[    3735ms] [LOG] An error occurred in "Tw": Failed to obtain image tile X: 206 Y: 110 Level: 8. @ https://cesium.com/downloads/cesiumjs/releases/1.120/Build/Cesium/Cesium.js:85
[    3735ms] [LOG] An error occurred in "Tw": Failed to obtain image tile X: 206 Y: 109 Level: 8. @ https://cesium.com/downloads/cesiumjs/releases/1.120/Build/Cesium/Cesium.js:85
[    3735ms] [LOG] An error occurred in "Tw": Failed to obtain image tile X: 206 Y: 110 Level: 8. @ https://cesium.com/downloads/cesiumjs/releases/1.120/Build/Cesium/Cesium.js:85
[    3735ms] [LOG] An error occurred in "Tw": Failed to obtain image tile X: 205 Y: 112 Level: 8. @ https://cesium.com/downloads/cesiumjs/releases/1.120/Build/Cesium/Cesium.js:85
[    3735ms] [LOG] An error occurred in "Tw": Failed to obtain image tile X: 205 Y: 112 Level: 8. @ https://cesium.com/downloads/cesiumjs/releases/1.120/Build/Cesium/Cesium.js:85
[    3736ms] [LOG] An error occurred in "Tw": Failed to obtain image tile X: 209 Y: 109 Level: 8. @ https://cesium.com/downloads/cesiumjs/releases/1.120/Build/Cesium/Cesium.js:85
[    3736ms] [ERROR] Failed to load resource: the server responded with a status of 404 (Not Found) @ https://t3.tianditu.gov.cn/cva_w?tk=3434e0337ed4d651277ec7e690a61b4c:0
[    3736ms] [ERROR] Failed to load resource: the server responded with a status of 404 (Not Found) @ https://t6.tianditu.gov.cn/img_w?tk=3434e0337ed4d651277ec7e690a61b4c:0
[    3736ms] [ERROR] Failed to load resource: the server responded with a status of 404 (Not Found) @ https://t6.tianditu.gov.cn/cva_w?tk=3434e0337ed4d651277ec7e690a61b4c:0
[    3737ms] [ERROR] Failed to load resource: the server responded with a status of 404 (Not Found) @ https://t4.tianditu.gov.cn/cva_w?tk=3434e0337ed4d651277ec7e690a61b4c:0
[    3752ms] [ERROR] Failed to load resource: the server responded with a status of 404 (Not Found) @ https://t5.tianditu.gov.cn/img_w?tk=3434e0337ed4d651277ec7e690a61b4c:0
[    3752ms] [ERROR] Failed to load resource: the server responded with a status of 404 (Not Found) @ https://t5.tianditu.gov.cn/cva_w?tk=3434e0337ed4d651277ec7e690a61b4c:0
[    3773ms] [LOG] An error occurred in "Tw": Failed to obtain image tile X: 209 Y: 109 Level: 8. @ https://cesium.com/downloads/cesiumjs/releases/1.120/Build/Cesium/Cesium.js:85
[    3774ms] [LOG] An error occurred in "Tw": Failed to obtain image tile X: 205 Y: 110 Level: 8. @ https://cesium.com/downloads/cesiumjs/releases/1.120/Build/Cesium/Cesium.js:85
[    3775ms] [ERROR] Failed to load resource: the server responded with a status of 404 (Not Found) @ https://t4.tianditu.gov.cn/cva_w?tk=3434e0337ed4d651277ec7e690a61b4c:0
[    3775ms] [ERROR] Failed to load resource: the server responded with a status of 404 (Not Found) @ https://t4.tianditu.gov.cn/img_w?tk=3434e0337ed4d651277ec7e690a61b4c:0
[    3775ms] [ERROR] Failed to load resource: the server responded with a status of 404 (Not Found) @ https://t5.tianditu.gov.cn/img_w?tk=3434e0337ed4d651277ec7e690a61b4c:0
[    3776ms] [ERROR] Failed to load resource: the server responded with a status of 404 (Not Found) @ https://t5.tianditu.gov.cn/cva_w?tk=3434e0337ed4d651277ec7e690a61b4c:0
[    3776ms] [ERROR] Failed to load resource: the server responded with a status of 404 (Not Found) @ https://t3.tianditu.gov.cn/img_w?tk=3434e0337ed4d651277ec7e690a61b4c:0
[    3778ms] [ERROR] Failed to load resource: the server responded with a status of 404 (Not Found) @ https://t3.tianditu.gov.cn/cva_w?tk=3434e0337ed4d651277ec7e690a61b4c:0
[    3779ms] [ERROR] Failed to load resource: the server responded with a status of 404 (Not Found) @ https://t4.tianditu.gov.cn/cva_w?tk=3434e0337ed4d651277ec7e690a61b4c:0
[    3779ms] [ERROR] Failed to load resource: the server responded with a status of 404 (Not Found) @ https://t4.tianditu.gov.cn/img_w?tk=3434e0337ed4d651277ec7e690a61b4c:0
[    3785ms] [ERROR] Failed to load resource: the server responded with a status of 404 (Not Found) @ https://t6.tianditu.gov.cn/img_w?tk=3434e0337ed4d651277ec7e690a61b4c:0
[    3785ms] [ERROR] Failed to load resource: the server responded with a status of 404 (Not Found) @ https://t6.tianditu.gov.cn/cva_w?tk=3434e0337ed4d651277ec7e690a61b4c:0
[    3786ms] [LOG] An error occurred in "Tw": Failed to obtain image tile X: 205 Y: 111 Level: 8. @ https://cesium.com/downloads/cesiumjs/releases/1.120/Build/Cesium/Cesium.js:85
[    3786ms] [LOG] An error occurred in "Tw": Failed to obtain image tile X: 205 Y: 110 Level: 8. @ https://cesium.com/downloads/cesiumjs/releases/1.120/Build/Cesium/Cesium.js:85
[    3786ms] [LOG] An error occurred in "Tw": Failed to obtain image tile X: 205 Y: 111 Level: 8. @ https://cesium.com/downloads/cesiumjs/releases/1.120/Build/Cesium/Cesium.js:85
[    3786ms] [LOG] An error occurred in "Tw": Failed to obtain image tile X: 205 Y: 113 Level: 8. @ https://cesium.com/downloads/cesiumjs/releases/1.120/Build/Cesium/Cesium.js:85
[    3787ms] [LOG] An error occurred in "Tw": Failed to obtain image tile X: 206 Y: 111 Level: 8. @ https://cesium.com/downloads/cesiumjs/releases/1.120/Build/Cesium/Cesium.js:85
[    3787ms] [LOG] An error occurred in "Tw": Failed to obtain image tile X: 206 Y: 111 Level: 8. @ https://cesium.com/downloads/cesiumjs/releases/1.120/Build/Cesium/Cesium.js:85
[    3787ms] [LOG] An error occurred in "Tw": Failed to obtain image tile X: 205 Y: 113 Level: 8. @ https://cesium.com/downloads/cesiumjs/releases/1.120/Build/Cesium/Cesium.js:85
[    3787ms] [ERROR] Failed to load resource: the server responded with a status of 404 (Not Found) @ https://t2.tianditu.gov.cn/img_w?tk=3434e0337ed4d651277ec7e690a61b4c:0
[    3788ms] [ERROR] Failed to load resource: the server responded with a status of 404 (Not Found) @ https://t2.tianditu.gov.cn/cva_w?tk=3434e0337ed4d651277ec7e690a61b4c:0
[    3789ms] [ERROR] Failed to load resource: the server responded with a status of 404 (Not Found) @ https://t7.tianditu.gov.cn/img_w?tk=3434e0337ed4d651277ec7e690a61b4c:0
[    3789ms] [ERROR] Failed to load resource: the server responded with a status of 404 (Not Found) @ https://t7.tianditu.gov.cn/cva_w?tk=3434e0337ed4d651277ec7e690a61b4c:0
[    3797ms] [LOG] An error occurred in "Tw": Failed to obtain image tile X: 207 Y: 109 Level: 8. @ https://cesium.com/downloads/cesiumjs/releases/1.120/Build/Cesium/Cesium.js:85
[    3798ms] [LOG] An error occurred in "Tw": Failed to obtain image tile X: 207 Y: 109 Level: 8. @ https://cesium.com/downloads/cesiumjs/releases/1.120/Build/Cesium/Cesium.js:85
[    3798ms] [LOG] An error occurred in "Tw": Failed to obtain image tile X: 102 Y: 56 Level: 7. @ https://cesium.com/downloads/cesiumjs/releases/1.120/Build/Cesium/Cesium.js:85
[    3798ms] [LOG] An error occurred in "Tw": Failed to obtain image tile X: 102 Y: 56 Level: 7. @ https://cesium.com/downloads/cesiumjs/releases/1.120/Build/Cesium/Cesium.js:85
[    3798ms] [LOG] An error occurred in "Tw": Failed to obtain image tile X: 102 Y: 54 Level: 7. @ https://cesium.com/downloads/cesiumjs/releases/1.120/Build/Cesium/Cesium.js:85
[    3798ms] [LOG] An error occurred in "Tw": Failed to obtain image tile X: 102 Y: 54 Level: 7. @ https://cesium.com/downloads/cesiumjs/releases/1.120/Build/Cesium/Cesium.js:85
[    3799ms] [LOG] An error occurred in "Tw": Failed to obtain image tile X: 102 Y: 55 Level: 7. @ https://cesium.com/downloads/cesiumjs/releases/1.120/Build/Cesium/Cesium.js:85
[    3799ms] [LOG] An error occurred in "Tw": Failed to obtain image tile X: 102 Y: 55 Level: 7. @ https://cesium.com/downloads/cesiumjs/releases/1.120/Build/Cesium/Cesium.js:85
[    3799ms] [LOG] An error occurred in "Tw": Failed to obtain image tile X: 206 Y: 112 Level: 8. @ https://cesium.com/downloads/cesiumjs/releases/1.120/Build/Cesium/Cesium.js:85
[    3800ms] [LOG] An error occurred in "Tw": Failed to obtain image tile X: 206 Y: 112 Level: 8. @ https://cesium.com/downloads/cesiumjs/releases/1.120/Build/Cesium/Cesium.js:85
[    3800ms] [LOG] An error occurred in "Tw": Failed to obtain image tile X: 205 Y: 109 Level: 8. @ https://cesium.com/downloads/cesiumjs/releases/1.120/Build/Cesium/Cesium.js:85
[    3801ms] [LOG] An error occurred in "Tw": Failed to obtain image tile X: 205 Y: 109 Level: 8. @ https://cesium.com/downloads/cesiumjs/releases/1.120/Build/Cesium/Cesium.js:85
[    3801ms] [LOG] An error occurred in "Tw": Failed to obtain image tile X: 206 Y: 113 Level: 8. @ https://cesium.com/downloads/cesiumjs/releases/1.120/Build/Cesium/Cesium.js:85
[    3801ms] [LOG] An error occurred in "Tw": Failed to obtain image tile X: 206 Y: 113 Level: 8. @ https://cesium.com/downloads/cesiumjs/releases/1.120/Build/Cesium/Cesium.js:85
[    3808ms] [ERROR] Failed to load resource: the server responded with a status of 404 (Not Found) @ https://t5.tianditu.gov.cn/img_w?tk=3434e0337ed4d651277ec7e690a61b4c:0
[    3809ms] [ERROR] Failed to load resource: the server responded with a status of 404 (Not Found) @ https://t5.tianditu.gov.cn/cva_w?tk=3434e0337ed4d651277ec7e690a61b4c:0
[    3811ms] [LOG] An error occurred in "Tw": Failed to obtain image tile X: 208 Y: 109 Level: 8. @ https://cesium.com/downloads/cesiumjs/releases/1.120/Build/Cesium/Cesium.js:85
[    3814ms] [LOG] An error occurred in "Tw": Failed to obtain image tile X: 208 Y: 109 Level: 8. @ https://cesium.com/downloads/cesiumjs/releases/1.120/Build/Cesium/Cesium.js:85
